"Column","Min","Max","Mean","Std. deviation","Variance","Skewness","Kurtosis","Overall sum","No. missings","No. NaNs","No. +∞s","No. -∞s","Median","Row count","Histogram"
"Age",14,61,24.312599908574136,6.345968273732225,40.271313331215964,1.529100353758861,2.8263890286001754,51323.898407,0,0,0,0,,2111,"
<svg stroke-dasharray=""none"" shape-rendering=""auto""
     xmlns=""http://www.w3.org/2000/svg"" font-family=""&apos;Dialog&apos;""
     width=""200"" text-rendering=""auto"" fill-opacity=""1""
     contentScriptType=""text/ecmascript"" color-interpolation=""auto""
     color-rendering=""auto"" preserveAspectRatio=""xMidYMid meet"" font-size=""12px""
     fill=""black"" xmlns:xlink=""http://www.w3.org/1999/xlink"" stroke=""black""
     image-rendering=""auto"" stroke-miterlimit=""10"" zoomAndPan=""magnify""
     version=""1.0"" stroke-linecap=""square"" stroke-linejoin=""miter""
     contentStyleType=""text/css"" font-style=""normal"" height=""100""
     stroke-width=""1"" stroke-dashoffset=""0"" font-weight=""normal""
     stroke-opacity=""1"">
    <!--Generated by the Batik Graphics2D SVG Generator-->
    <defs id=""genericDefs""/>
    <g>
        <g fill=""rgb(170,204,255)"" stroke=""rgb(170,204,255)"">
            <rect x=""189"" width=""11"" height=""1"" y=""84"" stroke=""none""/>
            <line y2=""85"" x1=""178"" x2=""189"" stroke=""none"" y1=""85""/>
            <rect x=""168"" width=""11"" height=""1"" y=""84"" stroke=""none""/>
            <rect x=""157"" width=""11"" height=""1"" y=""84"" stroke=""none""/>
            <rect x=""147"" width=""11"" height=""1"" y=""84"" stroke=""none""/>
            <rect x=""136"" width=""11"" height=""1"" y=""84"" stroke=""none""/>
            <rect x=""126"" width=""11"" height=""1"" y=""84"" stroke=""none""/>
            <rect x=""115"" width=""11"" height=""1"" y=""84"" stroke=""none""/>
            <rect x=""105"" width=""11"" height=""3"" y=""82"" stroke=""none""/>
            <rect x=""94"" width=""11"" height=""3"" y=""82"" stroke=""none""/>
            <rect x=""84"" width=""11"" height=""2"" y=""83"" stroke=""none""/>
            <rect x=""73"" width=""11"" height=""3"" y=""82"" stroke=""none""/>
            <rect x=""63"" width=""11"" height=""6"" y=""79"" stroke=""none""/>
            <rect x=""52"" width=""11"" height=""4"" y=""81"" stroke=""none""/>
            <rect x=""42"" width=""11"" height=""15"" y=""70"" stroke=""none""/>
            <rect x=""31"" width=""11"" height=""17"" y=""68"" stroke=""none""/>
            <rect x=""21"" width=""11"" height=""21"" y=""64"" stroke=""none""/>
            <rect x=""10"" width=""11"" height=""14"" y=""71"" stroke=""none""/>
            <rect x=""0"" width=""11"" height=""1"" y=""84"" stroke=""none""/>
            <line y2=""85"" fill=""none"" x1=""0"" x2=""200"" stroke=""rgb(64,64,64)""
                  y1=""85""/>
            <line fill=""none"" x1=""189"" x2=""189"" y1=""84"" y2=""85""
                  stroke=""rgb(64,64,64)"" stroke-width=""1.5""/>
            <line fill=""none"" x1=""189"" x2=""200"" y1=""84"" y2=""84""
                  stroke=""rgb(64,64,64)"" stroke-width=""1.5""/>
            <line fill=""none"" x1=""200"" x2=""200"" y1=""84"" y2=""85""
                  stroke=""rgb(64,64,64)"" stroke-width=""1.5""/>
            <line fill=""none"" x1=""178"" x2=""178"" y1=""85"" y2=""85""
                  stroke=""rgb(64,64,64)"" stroke-width=""1.5""/>
            <line fill=""none"" x1=""178"" x2=""189"" y1=""85"" y2=""85""
                  stroke=""rgb(64,64,64)"" stroke-width=""1.5""/>
            <line fill=""none"" x1=""189"" x2=""189"" y1=""85"" y2=""85""
                  stroke=""rgb(64,64,64)"" stroke-width=""1.5""/>
            <line fill=""none"" x1=""168"" x2=""168"" y1=""84"" y2=""85""
                  stroke=""rgb(64,64,64)"" stroke-width=""1.5""/>
            <line fill=""none"" x1=""168"" x2=""178"" y1=""84"" y2=""84""
                  stroke=""rgb(64,64,64)"" stroke-width=""1.5""/>
            <line fill=""none"" x1=""178"" x2=""178"" y1=""84"" y2=""85""
                  stroke=""rgb(64,64,64)"" stroke-width=""1.5""/>
            <line fill=""none"" x1=""157"" x2=""157"" y1=""84"" y2=""85""
                  stroke=""rgb(64,64,64)"" stroke-width=""1.5""/>
            <line fill=""none"" x1=""157"" x2=""168"" y1=""84"" y2=""84""
                  stroke=""rgb(64,64,64)"" stroke-width=""1.5""/>
            <line fill=""none"" x1=""168"" x2=""168"" y1=""84"" y2=""85""
                  stroke=""rgb(64,64,64)"" stroke-width=""1.5""/>
            <line fill=""none"" x1=""147"" x2=""147"" y1=""84"" y2=""85""
                  stroke=""rgb(64,64,64)"" stroke-width=""1.5""/>
            <line fill=""none"" x1=""147"" x2=""157"" y1=""84"" y2=""84""
                  stroke=""rgb(64,64,64)"" stroke-width=""1.5""/>
            <line fill=""none"" x1=""157"" x2=""157"" y1=""84"" y2=""85""
                  stroke=""rgb(64,64,64)"" stroke-width=""1.5""/>
            <line fill=""none"" x1=""136"" x2=""136"" y1=""84"" y2=""85""
                  stroke=""rgb(64,64,64)"" stroke-width=""1.5""/>
            <line fill=""none"" x1=""136"" x2=""147"" y1=""84"" y2=""84""
                  stroke=""rgb(64,64,64)"" stroke-width=""1.5""/>
            <line fill=""none"" x1=""147"" x2=""147"" y1=""84"" y2=""85""
                  stroke=""rgb(64,64,64)"" stroke-width=""1.5""/>
            <line fill=""none"" x1=""126"" x2=""126"" y1=""84"" y2=""85""
                  stroke=""rgb(64,64,64)"" stroke-width=""1.5""/>
            <line fill=""none"" x1=""126"" x2=""136"" y1=""84"" y2=""84""
                  stroke=""rgb(64,64,64)"" stroke-width=""1.5""/>
            <line fill=""none"" x1=""136"" x2=""136"" y1=""84"" y2=""85""
                  stroke=""rgb(64,64,64)"" stroke-width=""1.5""/>
            <line fill=""none"" x1=""115"" x2=""115"" y1=""84"" y2=""85""
                  stroke=""rgb(64,64,64)"" stroke-width=""1.5""/>
            <line fill=""none"" x1=""115"" x2=""126"" y1=""84"" y2=""84""
                  stroke=""rgb(64,64,64)"" stroke-width=""1.5""/>
            <line fill=""none"" x1=""126"" x2=""126"" y1=""84"" y2=""85""
                  stroke=""rgb(64,64,64)"" stroke-width=""1.5""/>
            <line fill=""none"" x1=""105"" x2=""105"" y1=""82"" y2=""85""
                  stroke=""rgb(64,64,64)"" stroke-width=""1.5""/>
            <line fill=""none"" x1=""105"" x2=""115"" y1=""82"" y2=""82""
                  stroke=""rgb(64,64,64)"" stroke-width=""1.5""/>
            <line fill=""none"" x1=""115"" x2=""115"" y1=""82"" y2=""85""
                  stroke=""rgb(64,64,64)"" stroke-width=""1.5""/>
            <line fill=""none"" x1=""94"" x2=""94"" y1=""82"" y2=""85""
                  stroke=""rgb(64,64,64)"" stroke-width=""1.5""/>
            <line fill=""none"" x1=""94"" x2=""105"" y1=""82"" y2=""82""
                  stroke=""rgb(64,64,64)"" stroke-width=""1.5""/>
            <line fill=""none"" x1=""105"" x2=""105"" y1=""82"" y2=""85""
                  stroke=""rgb(64,64,64)"" stroke-width=""1.5""/>
            <line fill=""none"" x1=""84"" x2=""84"" y1=""83"" y2=""85""
                  stroke=""rgb(64,64,64)"" stroke-width=""1.5""/>
            <line fill=""none"" x1=""84"" x2=""94"" y1=""83"" y2=""83""
                  stroke=""rgb(64,64,64)"" stroke-width=""1.5""/>
            <line fill=""none"" x1=""94"" x2=""94"" y1=""83"" y2=""85""
                  stroke=""rgb(64,64,64)"" stroke-width=""1.5""/>
            <line fill=""none"" x1=""73"" x2=""73"" y1=""82"" y2=""85""
                  stroke=""rgb(64,64,64)"" stroke-width=""1.5""/>
            <line fill=""none"" x1=""73"" x2=""84"" y1=""82"" y2=""82""
                  stroke=""rgb(64,64,64)"" stroke-width=""1.5""/>
            <line fill=""none"" x1=""84"" x2=""84"" y1=""82"" y2=""85""
                  stroke=""rgb(64,64,64)"" stroke-width=""1.5""/>
            <line fill=""none"" x1=""63"" x2=""63"" y1=""79"" y2=""85""
                  stroke=""rgb(64,64,64)"" stroke-width=""1.5""/>
            <line fill=""none"" x1=""63"" x2=""73"" y1=""79"" y2=""79""
                  stroke=""rgb(64,64,64)"" stroke-width=""1.5""/>
            <line fill=""none"" x1=""73"" x2=""73"" y1=""79"" y2=""85""
                  stroke=""rgb(64,64,64)"" stroke-width=""1.5""/>
            <line fill=""none"" x1=""52"" x2=""52"" y1=""81"" y2=""85""
                  stroke=""rgb(64,64,64)"" stroke-width=""1.5""/>
            <line fill=""none"" x1=""52"" x2=""63"" y1=""81"" y2=""81""
                  stroke=""rgb(64,64,64)"" stroke-width=""1.5""/>
            <line fill=""none"" x1=""63"" x2=""63"" y1=""81"" y2=""85""
                  stroke=""rgb(64,64,64)"" stroke-width=""1.5""/>
            <line fill=""none"" x1=""42"" x2=""42"" y1=""70"" y2=""85""
                  stroke=""rgb(64,64,64)"" stroke-width=""1.5""/>
            <line fill=""none"" x1=""42"" x2=""52"" y1=""70"" y2=""70""
                  stroke=""rgb(64,64,64)"" stroke-width=""1.5""/>
            <line fill=""none"" x1=""52"" x2=""52"" y1=""70"" y2=""85""
                  stroke=""rgb(64,64,64)"" stroke-width=""1.5""/>
            <line fill=""none"" x1=""31"" x2=""31"" y1=""68"" y2=""85""
                  stroke=""rgb(64,64,64)"" stroke-width=""1.5""/>
            <line fill=""none"" x1=""31"" x2=""42"" y1=""68"" y2=""68""
                  stroke=""rgb(64,64,64)"" stroke-width=""1.5""/>
            <line fill=""none"" x1=""42"" x2=""42"" y1=""68"" y2=""85""
                  stroke=""rgb(64,64,64)"" stroke-width=""1.5""/>
            <line fill=""none"" x1=""21"" x2=""21"" y1=""64"" y2=""85""
                  stroke=""rgb(64,64,64)"" stroke-width=""1.5""/>
            <line fill=""none"" x1=""21"" x2=""31"" y1=""64"" y2=""64""
                  stroke=""rgb(64,64,64)"" stroke-width=""1.5""/>
            <line fill=""none"" x1=""31"" x2=""31"" y1=""64"" y2=""85""
                  stroke=""rgb(64,64,64)"" stroke-width=""1.5""/>
            <line fill=""none"" x1=""10"" x2=""10"" y1=""71"" y2=""85""
                  stroke=""rgb(64,64,64)"" stroke-width=""1.5""/>
            <line fill=""none"" x1=""10"" x2=""21"" y1=""71"" y2=""71""
                  stroke=""rgb(64,64,64)"" stroke-width=""1.5""/>
            <line fill=""none"" x1=""21"" x2=""21"" y1=""71"" y2=""85""
                  stroke=""rgb(64,64,64)"" stroke-width=""1.5""/>
            <line fill=""none"" x1=""0"" x2=""0"" y1=""84"" y2=""85""
                  stroke=""rgb(64,64,64)"" stroke-width=""1.5""/>
            <line fill=""none"" x1=""0"" x2=""10"" y1=""84"" y2=""84""
                  stroke=""rgb(64,64,64)"" stroke-width=""1.5""/>
            <line fill=""none"" x1=""10"" x2=""10"" y1=""84"" y2=""85""
                  stroke=""rgb(64,64,64)"" stroke-width=""1.5""/>
            <line fill=""none"" x1=""0"" x2=""0"" y1=""85"" y2=""90"" stroke=""black""
                  stroke-width=""1.5""/>
            <line fill=""none"" x1=""197"" x2=""197"" y1=""85"" y2=""90"" stroke=""black""
                  stroke-width=""1.5""/>
            <text fill=""black"" x=""1"" xml:space=""preserve"" stroke-width=""1.5""
                  y=""100"" stroke=""none"">14</text><text fill=""black"" x=""180""
                  xml:space=""preserve"" stroke-width=""1.5"" y=""100"" stroke=""none"">61</text>
        </g>
    </g>
</svg>"
"Height",1.45,1.98,1.7016773533870213,0.09330481986792012,0.008705789410585021,-0.012854646457934117,-0.5629488933410931,3592.240893000002,0,0,0,0,,2111,"
<svg stroke-dasharray=""none"" shape-rendering=""auto""
     xmlns=""http://www.w3.org/2000/svg"" font-family=""&apos;Dialog&apos;""
     width=""200"" text-rendering=""auto"" fill-opacity=""1""
     contentScriptType=""text/ecmascript"" color-interpolation=""auto""
     color-rendering=""auto"" preserveAspectRatio=""xMidYMid meet"" font-size=""12px""
     fill=""black"" xmlns:xlink=""http://www.w3.org/1999/xlink"" stroke=""black""
     image-rendering=""auto"" stroke-miterlimit=""10"" zoomAndPan=""magnify""
     version=""1.0"" stroke-linecap=""square"" stroke-linejoin=""miter""
     contentStyleType=""text/css"" font-style=""normal"" height=""100""
     stroke-width=""1"" stroke-dashoffset=""0"" font-weight=""normal""
     stroke-opacity=""1"">
    <!--Generated by the Batik Graphics2D SVG Generator-->
    <defs id=""genericDefs""/>
    <g>
        <g fill=""rgb(170,204,255)"" stroke=""rgb(170,204,255)"">
            <rect x=""181"" width=""19"" height=""1"" y=""84"" stroke=""none""/>
            <rect x=""163"" width=""19"" height=""2"" y=""83"" stroke=""none""/>
            <rect x=""145"" width=""19"" height=""5"" y=""80"" stroke=""none""/>
            <rect x=""127"" width=""19"" height=""10"" y=""75"" stroke=""none""/>
            <rect x=""109"" width=""19"" height=""18"" y=""67"" stroke=""none""/>
            <rect x=""90"" width=""19"" height=""15"" y=""70"" stroke=""none""/>
            <rect x=""72"" width=""19"" height=""14"" y=""71"" stroke=""none""/>
            <rect x=""54"" width=""19"" height=""15"" y=""70"" stroke=""none""/>
            <rect x=""36"" width=""19"" height=""7"" y=""78"" stroke=""none""/>
            <rect x=""18"" width=""19"" height=""4"" y=""81"" stroke=""none""/>
            <rect x=""0"" width=""19"" height=""1"" y=""84"" stroke=""none""/>
            <line y2=""85"" fill=""none"" x1=""0"" x2=""200"" stroke=""rgb(64,64,64)""
                  y1=""85""/>
            <line fill=""none"" x1=""181"" x2=""181"" y1=""84"" y2=""85""
                  stroke=""rgb(64,64,64)"" stroke-width=""1.5""/>
            <line fill=""none"" x1=""181"" x2=""200"" y1=""84"" y2=""84""
                  stroke=""rgb(64,64,64)"" stroke-width=""1.5""/>
            <line fill=""none"" x1=""200"" x2=""200"" y1=""84"" y2=""85""
                  stroke=""rgb(64,64,64)"" stroke-width=""1.5""/>
            <line fill=""none"" x1=""163"" x2=""163"" y1=""83"" y2=""85""
                  stroke=""rgb(64,64,64)"" stroke-width=""1.5""/>
            <line fill=""none"" x1=""163"" x2=""181"" y1=""83"" y2=""83""
                  stroke=""rgb(64,64,64)"" stroke-width=""1.5""/>
            <line fill=""none"" x1=""181"" x2=""181"" y1=""83"" y2=""85""
                  stroke=""rgb(64,64,64)"" stroke-width=""1.5""/>
            <line fill=""none"" x1=""145"" x2=""145"" y1=""80"" y2=""85""
                  stroke=""rgb(64,64,64)"" stroke-width=""1.5""/>
            <line fill=""none"" x1=""145"" x2=""163"" y1=""80"" y2=""80""
                  stroke=""rgb(64,64,64)"" stroke-width=""1.5""/>
            <line fill=""none"" x1=""163"" x2=""163"" y1=""80"" y2=""85""
                  stroke=""rgb(64,64,64)"" stroke-width=""1.5""/>
            <line fill=""none"" x1=""127"" x2=""127"" y1=""75"" y2=""85""
                  stroke=""rgb(64,64,64)"" stroke-width=""1.5""/>
            <line fill=""none"" x1=""127"" x2=""145"" y1=""75"" y2=""75""
                  stroke=""rgb(64,64,64)"" stroke-width=""1.5""/>
            <line fill=""none"" x1=""145"" x2=""145"" y1=""75"" y2=""85""
                  stroke=""rgb(64,64,64)"" stroke-width=""1.5""/>
            <line fill=""none"" x1=""109"" x2=""109"" y1=""67"" y2=""85""
                  stroke=""rgb(64,64,64)"" stroke-width=""1.5""/>
            <line fill=""none"" x1=""109"" x2=""127"" y1=""67"" y2=""67""
                  stroke=""rgb(64,64,64)"" stroke-width=""1.5""/>
            <line fill=""none"" x1=""127"" x2=""127"" y1=""67"" y2=""85""
                  stroke=""rgb(64,64,64)"" stroke-width=""1.5""/>
            <line fill=""none"" x1=""90"" x2=""90"" y1=""70"" y2=""85""
                  stroke=""rgb(64,64,64)"" stroke-width=""1.5""/>
            <line fill=""none"" x1=""90"" x2=""109"" y1=""70"" y2=""70""
                  stroke=""rgb(64,64,64)"" stroke-width=""1.5""/>
            <line fill=""none"" x1=""109"" x2=""109"" y1=""70"" y2=""85""
                  stroke=""rgb(64,64,64)"" stroke-width=""1.5""/>
            <line fill=""none"" x1=""72"" x2=""72"" y1=""71"" y2=""85""
                  stroke=""rgb(64,64,64)"" stroke-width=""1.5""/>
            <line fill=""none"" x1=""72"" x2=""90"" y1=""71"" y2=""71""
                  stroke=""rgb(64,64,64)"" stroke-width=""1.5""/>
            <line fill=""none"" x1=""90"" x2=""90"" y1=""71"" y2=""85""
                  stroke=""rgb(64,64,64)"" stroke-width=""1.5""/>
            <line fill=""none"" x1=""54"" x2=""54"" y1=""70"" y2=""85""
                  stroke=""rgb(64,64,64)"" stroke-width=""1.5""/>
            <line fill=""none"" x1=""54"" x2=""72"" y1=""70"" y2=""70""
                  stroke=""rgb(64,64,64)"" stroke-width=""1.5""/>
            <line fill=""none"" x1=""72"" x2=""72"" y1=""70"" y2=""85""
                  stroke=""rgb(64,64,64)"" stroke-width=""1.5""/>
            <line fill=""none"" x1=""36"" x2=""36"" y1=""78"" y2=""85""
                  stroke=""rgb(64,64,64)"" stroke-width=""1.5""/>
            <line fill=""none"" x1=""36"" x2=""54"" y1=""78"" y2=""78""
                  stroke=""rgb(64,64,64)"" stroke-width=""1.5""/>
            <line fill=""none"" x1=""54"" x2=""54"" y1=""78"" y2=""85""
                  stroke=""rgb(64,64,64)"" stroke-width=""1.5""/>
            <line fill=""none"" x1=""18"" x2=""18"" y1=""81"" y2=""85""
                  stroke=""rgb(64,64,64)"" stroke-width=""1.5""/>
            <line fill=""none"" x1=""18"" x2=""36"" y1=""81"" y2=""81""
                  stroke=""rgb(64,64,64)"" stroke-width=""1.5""/>
            <line fill=""none"" x1=""36"" x2=""36"" y1=""81"" y2=""85""
                  stroke=""rgb(64,64,64)"" stroke-width=""1.5""/>
            <line fill=""none"" x1=""0"" x2=""0"" y1=""84"" y2=""85""
                  stroke=""rgb(64,64,64)"" stroke-width=""1.5""/>
            <line fill=""none"" x1=""0"" x2=""18"" y1=""84"" y2=""84""
                  stroke=""rgb(64,64,64)"" stroke-width=""1.5""/>
            <line fill=""none"" x1=""18"" x2=""18"" y1=""84"" y2=""85""
                  stroke=""rgb(64,64,64)"" stroke-width=""1.5""/>
            <line fill=""none"" x1=""3"" x2=""3"" y1=""85"" y2=""90"" stroke=""black""
                  stroke-width=""1.5""/>
            <line fill=""none"" x1=""196"" x2=""196"" y1=""85"" y2=""90"" stroke=""black""
                  stroke-width=""1.5""/>
            <text fill=""black"" x=""4"" xml:space=""preserve"" stroke-width=""1.5""
                  y=""100"" stroke=""none"">1.4</text><text fill=""black"" x=""187""
                  xml:space=""preserve"" stroke-width=""1.5"" y=""100"" stroke=""none"">2</text>
        </g>
    </g>
</svg>"
"Weight",39,173,86.58605812648042,26.191171745204702,685.9774773868091,0.2554104953556731,-0.6998981576386296,182783.16870500016,0,0,0,0,,2111,"
<svg stroke-dasharray=""none"" shape-rendering=""auto""
     xmlns=""http://www.w3.org/2000/svg"" font-family=""&apos;Dialog&apos;""
     width=""200"" text-rendering=""auto"" fill-opacity=""1""
     contentScriptType=""text/ecmascript"" color-interpolation=""auto""
     color-rendering=""auto"" preserveAspectRatio=""xMidYMid meet"" font-size=""12px""
     fill=""black"" xmlns:xlink=""http://www.w3.org/1999/xlink"" stroke=""black""
     image-rendering=""auto"" stroke-miterlimit=""10"" zoomAndPan=""magnify""
     version=""1.0"" stroke-linecap=""square"" stroke-linejoin=""miter""
     contentStyleType=""text/css"" font-style=""normal"" height=""100""
     stroke-width=""1"" stroke-dashoffset=""0"" font-weight=""normal""
     stroke-opacity=""1"">
    <!--Generated by the Batik Graphics2D SVG Generator-->
    <defs id=""genericDefs""/>
    <g>
        <g fill=""rgb(170,204,255)"" stroke=""rgb(170,204,255)"">
            <rect x=""171"" width=""29"" height=""1"" y=""84"" stroke=""none""/>
            <rect x=""142"" width=""29"" height=""2"" y=""83"" stroke=""none""/>
            <rect x=""114"" width=""29"" height=""12"" y=""73"" stroke=""none""/>
            <rect x=""85"" width=""29"" height=""19"" y=""66"" stroke=""none""/>
            <rect x=""57"" width=""29"" height=""25"" y=""60"" stroke=""none""/>
            <rect x=""28"" width=""29"" height=""18"" y=""67"" stroke=""none""/>
            <rect x=""0"" width=""29"" height=""12"" y=""73"" stroke=""none""/>
            <line y2=""85"" fill=""none"" x1=""0"" x2=""200"" stroke=""rgb(64,64,64)""
                  y1=""85""/>
            <line fill=""none"" x1=""171"" x2=""171"" y1=""84"" y2=""85""
                  stroke=""rgb(64,64,64)"" stroke-width=""1.5""/>
            <line fill=""none"" x1=""171"" x2=""200"" y1=""84"" y2=""84""
                  stroke=""rgb(64,64,64)"" stroke-width=""1.5""/>
            <line fill=""none"" x1=""200"" x2=""200"" y1=""84"" y2=""85""
                  stroke=""rgb(64,64,64)"" stroke-width=""1.5""/>
            <line fill=""none"" x1=""142"" x2=""142"" y1=""83"" y2=""85""
                  stroke=""rgb(64,64,64)"" stroke-width=""1.5""/>
            <line fill=""none"" x1=""142"" x2=""171"" y1=""83"" y2=""83""
                  stroke=""rgb(64,64,64)"" stroke-width=""1.5""/>
            <line fill=""none"" x1=""171"" x2=""171"" y1=""83"" y2=""85""
                  stroke=""rgb(64,64,64)"" stroke-width=""1.5""/>
            <line fill=""none"" x1=""114"" x2=""114"" y1=""73"" y2=""85""
                  stroke=""rgb(64,64,64)"" stroke-width=""1.5""/>
            <line fill=""none"" x1=""114"" x2=""142"" y1=""73"" y2=""73""
                  stroke=""rgb(64,64,64)"" stroke-width=""1.5""/>
            <line fill=""none"" x1=""142"" x2=""142"" y1=""73"" y2=""85""
                  stroke=""rgb(64,64,64)"" stroke-width=""1.5""/>
            <line fill=""none"" x1=""85"" x2=""85"" y1=""66"" y2=""85""
                  stroke=""rgb(64,64,64)"" stroke-width=""1.5""/>
            <line fill=""none"" x1=""85"" x2=""114"" y1=""66"" y2=""66""
                  stroke=""rgb(64,64,64)"" stroke-width=""1.5""/>
            <line fill=""none"" x1=""114"" x2=""114"" y1=""66"" y2=""85""
                  stroke=""rgb(64,64,64)"" stroke-width=""1.5""/>
            <line fill=""none"" x1=""57"" x2=""57"" y1=""60"" y2=""85""
                  stroke=""rgb(64,64,64)"" stroke-width=""1.5""/>
            <line fill=""none"" x1=""57"" x2=""85"" y1=""60"" y2=""60""
                  stroke=""rgb(64,64,64)"" stroke-width=""1.5""/>
            <line fill=""none"" x1=""85"" x2=""85"" y1=""60"" y2=""85""
                  stroke=""rgb(64,64,64)"" stroke-width=""1.5""/>
            <line fill=""none"" x1=""28"" x2=""28"" y1=""67"" y2=""85""
                  stroke=""rgb(64,64,64)"" stroke-width=""1.5""/>
            <line fill=""none"" x1=""28"" x2=""57"" y1=""67"" y2=""67""
                  stroke=""rgb(64,64,64)"" stroke-width=""1.5""/>
            <line fill=""none"" x1=""57"" x2=""57"" y1=""67"" y2=""85""
                  stroke=""rgb(64,64,64)"" stroke-width=""1.5""/>
            <line fill=""none"" x1=""0"" x2=""0"" y1=""73"" y2=""85""
                  stroke=""rgb(64,64,64)"" stroke-width=""1.5""/>
            <line fill=""none"" x1=""0"" x2=""28"" y1=""73"" y2=""73""
                  stroke=""rgb(64,64,64)"" stroke-width=""1.5""/>
            <line fill=""none"" x1=""28"" x2=""28"" y1=""73"" y2=""85""
                  stroke=""rgb(64,64,64)"" stroke-width=""1.5""/>
            <line fill=""none"" x1=""5"" x2=""5"" y1=""85"" y2=""90"" stroke=""black""
                  stroke-width=""1.5""/>
            <line fill=""none"" x1=""197"" x2=""197"" y1=""85"" y2=""90"" stroke=""black""
                  stroke-width=""1.5""/>
            <text fill=""black"" x=""6"" xml:space=""preserve"" stroke-width=""1.5""
                  y=""100"" stroke=""none"">39</text><text fill=""black"" x=""173""
                  xml:space=""preserve"" stroke-width=""1.5"" y=""100"" stroke=""none"">173</text>
        </g>
    </g>
</svg>"
"FCVC",1,3,2.4190430615821894,0.5339265785032998,0.2850775912322404,-0.43290583143184036,-0.6375459019885948,5106.599903000002,0,0,0,0,,2111,"
<svg stroke-dasharray=""none"" shape-rendering=""auto""
     xmlns=""http://www.w3.org/2000/svg"" font-family=""&apos;Dialog&apos;""
     width=""200"" text-rendering=""auto"" fill-opacity=""1""
     contentScriptType=""text/ecmascript"" color-interpolation=""auto""
     color-rendering=""auto"" preserveAspectRatio=""xMidYMid meet"" font-size=""12px""
     fill=""black"" xmlns:xlink=""http://www.w3.org/1999/xlink"" stroke=""black""
     image-rendering=""auto"" stroke-miterlimit=""10"" zoomAndPan=""magnify""
     version=""1.0"" stroke-linecap=""square"" stroke-linejoin=""miter""
     contentStyleType=""text/css"" font-style=""normal"" height=""100""
     stroke-width=""1"" stroke-dashoffset=""0"" font-weight=""normal""
     stroke-opacity=""1"">
    <!--Generated by the Batik Graphics2D SVG Generator-->
    <defs id=""genericDefs""/>
    <g>
        <g fill=""rgb(170,204,255)"" stroke=""rgb(170,204,255)"">
            <rect x=""180"" width=""20"" height=""33"" y=""52"" stroke=""none""/>
            <rect x=""160"" width=""20"" height=""6"" y=""79"" stroke=""none""/>
            <rect x=""140"" width=""20"" height=""4"" y=""81"" stroke=""none""/>
            <rect x=""120"" width=""20"" height=""5"" y=""80"" stroke=""none""/>
            <rect x=""100"" width=""20"" height=""31"" y=""54"" stroke=""none""/>
            <rect x=""80"" width=""20"" height=""3"" y=""82"" stroke=""none""/>
            <rect x=""60"" width=""20"" height=""2"" y=""83"" stroke=""none""/>
            <rect x=""40"" width=""20"" height=""2"" y=""83"" stroke=""none""/>
            <rect x=""20"" width=""20"" height=""2"" y=""83"" stroke=""none""/>
            <rect x=""0"" width=""20"" height=""3"" y=""82"" stroke=""none""/>
            <line y2=""85"" fill=""none"" x1=""0"" x2=""200"" stroke=""rgb(64,64,64)""
                  y1=""85""/>
            <line fill=""none"" x1=""180"" x2=""180"" y1=""52"" y2=""85""
                  stroke=""rgb(64,64,64)"" stroke-width=""1.5""/>
            <line fill=""none"" x1=""180"" x2=""200"" y1=""52"" y2=""52""
                  stroke=""rgb(64,64,64)"" stroke-width=""1.5""/>
            <line fill=""none"" x1=""200"" x2=""200"" y1=""52"" y2=""85""
                  stroke=""rgb(64,64,64)"" stroke-width=""1.5""/>
            <line fill=""none"" x1=""160"" x2=""160"" y1=""79"" y2=""85""
                  stroke=""rgb(64,64,64)"" stroke-width=""1.5""/>
            <line fill=""none"" x1=""160"" x2=""180"" y1=""79"" y2=""79""
                  stroke=""rgb(64,64,64)"" stroke-width=""1.5""/>
            <line fill=""none"" x1=""180"" x2=""180"" y1=""79"" y2=""85""
                  stroke=""rgb(64,64,64)"" stroke-width=""1.5""/>
            <line fill=""none"" x1=""140"" x2=""140"" y1=""81"" y2=""85""
                  stroke=""rgb(64,64,64)"" stroke-width=""1.5""/>
            <line fill=""none"" x1=""140"" x2=""160"" y1=""81"" y2=""81""
                  stroke=""rgb(64,64,64)"" stroke-width=""1.5""/>
            <line fill=""none"" x1=""160"" x2=""160"" y1=""81"" y2=""85""
                  stroke=""rgb(64,64,64)"" stroke-width=""1.5""/>
            <line fill=""none"" x1=""120"" x2=""120"" y1=""80"" y2=""85""
                  stroke=""rgb(64,64,64)"" stroke-width=""1.5""/>
            <line fill=""none"" x1=""120"" x2=""140"" y1=""80"" y2=""80""
                  stroke=""rgb(64,64,64)"" stroke-width=""1.5""/>
            <line fill=""none"" x1=""140"" x2=""140"" y1=""80"" y2=""85""
                  stroke=""rgb(64,64,64)"" stroke-width=""1.5""/>
            <line fill=""none"" x1=""100"" x2=""100"" y1=""54"" y2=""85""
                  stroke=""rgb(64,64,64)"" stroke-width=""1.5""/>
            <line fill=""none"" x1=""100"" x2=""120"" y1=""54"" y2=""54""
                  stroke=""rgb(64,64,64)"" stroke-width=""1.5""/>
            <line fill=""none"" x1=""120"" x2=""120"" y1=""54"" y2=""85""
                  stroke=""rgb(64,64,64)"" stroke-width=""1.5""/>
            <line fill=""none"" x1=""80"" x2=""80"" y1=""82"" y2=""85""
                  stroke=""rgb(64,64,64)"" stroke-width=""1.5""/>
            <line fill=""none"" x1=""80"" x2=""100"" y1=""82"" y2=""82""
                  stroke=""rgb(64,64,64)"" stroke-width=""1.5""/>
            <line fill=""none"" x1=""100"" x2=""100"" y1=""82"" y2=""85""
                  stroke=""rgb(64,64,64)"" stroke-width=""1.5""/>
            <line fill=""none"" x1=""60"" x2=""60"" y1=""83"" y2=""85""
                  stroke=""rgb(64,64,64)"" stroke-width=""1.5""/>
            <line fill=""none"" x1=""60"" x2=""80"" y1=""83"" y2=""83""
                  stroke=""rgb(64,64,64)"" stroke-width=""1.5""/>
            <line fill=""none"" x1=""80"" x2=""80"" y1=""83"" y2=""85""
                  stroke=""rgb(64,64,64)"" stroke-width=""1.5""/>
            <line fill=""none"" x1=""40"" x2=""40"" y1=""83"" y2=""85""
                  stroke=""rgb(64,64,64)"" stroke-width=""1.5""/>
            <line fill=""none"" x1=""40"" x2=""60"" y1=""83"" y2=""83""
                  stroke=""rgb(64,64,64)"" stroke-width=""1.5""/>
            <line fill=""none"" x1=""60"" x2=""60"" y1=""83"" y2=""85""
                  stroke=""rgb(64,64,64)"" stroke-width=""1.5""/>
            <line fill=""none"" x1=""20"" x2=""20"" y1=""83"" y2=""85""
                  stroke=""rgb(64,64,64)"" stroke-width=""1.5""/>
            <line fill=""none"" x1=""20"" x2=""40"" y1=""83"" y2=""83""
                  stroke=""rgb(64,64,64)"" stroke-width=""1.5""/>
            <line fill=""none"" x1=""40"" x2=""40"" y1=""83"" y2=""85""
                  stroke=""rgb(64,64,64)"" stroke-width=""1.5""/>
            <line fill=""none"" x1=""0"" x2=""0"" y1=""82"" y2=""85""
                  stroke=""rgb(64,64,64)"" stroke-width=""1.5""/>
            <line fill=""none"" x1=""0"" x2=""20"" y1=""82"" y2=""82""
                  stroke=""rgb(64,64,64)"" stroke-width=""1.5""/>
            <line fill=""none"" x1=""20"" x2=""20"" y1=""82"" y2=""85""
                  stroke=""rgb(64,64,64)"" stroke-width=""1.5""/>
            <line fill=""none"" x1=""0"" x2=""0"" y1=""85"" y2=""90"" stroke=""black""
                  stroke-width=""1.5""/>
            <line fill=""none"" x1=""200"" x2=""200"" y1=""85"" y2=""90"" stroke=""black""
                  stroke-width=""1.5""/>
            <text fill=""black"" x=""1"" xml:space=""preserve"" stroke-width=""1.5""
                  y=""100"" stroke=""none"">1</text><text fill=""black"" x=""191""
                  xml:space=""preserve"" stroke-width=""1.5"" y=""100"" stroke=""none"">3</text>
        </g>
    </g>
</svg>"
"NCP",1,4,2.6856280497394587,0.7780386488418611,0.605344139091669,-1.1070972671361439,0.3855266238117332,5669.3608129999975,0,0,0,0,,2111,"
<svg stroke-dasharray=""none"" shape-rendering=""auto""
     xmlns=""http://www.w3.org/2000/svg"" font-family=""&apos;Dialog&apos;""
     width=""200"" text-rendering=""auto"" fill-opacity=""1""
     contentScriptType=""text/ecmascript"" color-interpolation=""auto""
     color-rendering=""auto"" preserveAspectRatio=""xMidYMid meet"" font-size=""12px""
     fill=""black"" xmlns:xlink=""http://www.w3.org/1999/xlink"" stroke=""black""
     image-rendering=""auto"" stroke-miterlimit=""10"" zoomAndPan=""magnify""
     version=""1.0"" stroke-linecap=""square"" stroke-linejoin=""miter""
     contentStyleType=""text/css"" font-style=""normal"" height=""100""
     stroke-width=""1"" stroke-dashoffset=""0"" font-weight=""normal""
     stroke-opacity=""1"">
    <!--Generated by the Batik Graphics2D SVG Generator-->
    <defs id=""genericDefs""/>
    <g>
        <g fill=""rgb(170,204,255)"" stroke=""rgb(170,204,255)"">
            <rect x=""186"" width=""14"" height=""5"" y=""80"" stroke=""none""/>
            <rect x=""173"" width=""14"" height=""2"" y=""83"" stroke=""none""/>
            <rect x=""160"" width=""14"" height=""2"" y=""83"" stroke=""none""/>
            <rect x=""146"" width=""14"" height=""2"" y=""83"" stroke=""none""/>
            <rect x=""133"" width=""14"" height=""50"" y=""35"" stroke=""none""/>
            <rect x=""120"" width=""14"" height=""5"" y=""80"" stroke=""none""/>
            <rect x=""106"" width=""14"" height=""3"" y=""82"" stroke=""none""/>
            <rect x=""93"" width=""14"" height=""2"" y=""83"" stroke=""none""/>
            <rect x=""80"" width=""14"" height=""2"" y=""83"" stroke=""none""/>
            <rect x=""66"" width=""14"" height=""2"" y=""83"" stroke=""none""/>
            <rect x=""53"" width=""14"" height=""2"" y=""83"" stroke=""none""/>
            <rect x=""40"" width=""14"" height=""2"" y=""83"" stroke=""none""/>
            <rect x=""26"" width=""14"" height=""2"" y=""83"" stroke=""none""/>
            <rect x=""13"" width=""14"" height=""2"" y=""83"" stroke=""none""/>
            <rect x=""0"" width=""14"" height=""11"" y=""74"" stroke=""none""/>
            <line y2=""85"" fill=""none"" x1=""0"" x2=""200"" stroke=""rgb(64,64,64)""
                  y1=""85""/>
            <line fill=""none"" x1=""186"" x2=""186"" y1=""80"" y2=""85""
                  stroke=""rgb(64,64,64)"" stroke-width=""1.5""/>
            <line fill=""none"" x1=""186"" x2=""200"" y1=""80"" y2=""80""
                  stroke=""rgb(64,64,64)"" stroke-width=""1.5""/>
            <line fill=""none"" x1=""200"" x2=""200"" y1=""80"" y2=""85""
                  stroke=""rgb(64,64,64)"" stroke-width=""1.5""/>
            <line fill=""none"" x1=""173"" x2=""173"" y1=""83"" y2=""85""
                  stroke=""rgb(64,64,64)"" stroke-width=""1.5""/>
            <line fill=""none"" x1=""173"" x2=""186"" y1=""83"" y2=""83""
                  stroke=""rgb(64,64,64)"" stroke-width=""1.5""/>
            <line fill=""none"" x1=""186"" x2=""186"" y1=""83"" y2=""85""
                  stroke=""rgb(64,64,64)"" stroke-width=""1.5""/>
            <line fill=""none"" x1=""160"" x2=""160"" y1=""83"" y2=""85""
                  stroke=""rgb(64,64,64)"" stroke-width=""1.5""/>
            <line fill=""none"" x1=""160"" x2=""173"" y1=""83"" y2=""83""
                  stroke=""rgb(64,64,64)"" stroke-width=""1.5""/>
            <line fill=""none"" x1=""173"" x2=""173"" y1=""83"" y2=""85""
                  stroke=""rgb(64,64,64)"" stroke-width=""1.5""/>
            <line fill=""none"" x1=""146"" x2=""146"" y1=""83"" y2=""85""
                  stroke=""rgb(64,64,64)"" stroke-width=""1.5""/>
            <line fill=""none"" x1=""146"" x2=""160"" y1=""83"" y2=""83""
                  stroke=""rgb(64,64,64)"" stroke-width=""1.5""/>
            <line fill=""none"" x1=""160"" x2=""160"" y1=""83"" y2=""85""
                  stroke=""rgb(64,64,64)"" stroke-width=""1.5""/>
            <line fill=""none"" x1=""133"" x2=""133"" y1=""35"" y2=""85""
                  stroke=""rgb(64,64,64)"" stroke-width=""1.5""/>
            <line fill=""none"" x1=""133"" x2=""146"" y1=""35"" y2=""35""
                  stroke=""rgb(64,64,64)"" stroke-width=""1.5""/>
            <line fill=""none"" x1=""146"" x2=""146"" y1=""35"" y2=""85""
                  stroke=""rgb(64,64,64)"" stroke-width=""1.5""/>
            <line fill=""none"" x1=""120"" x2=""120"" y1=""80"" y2=""85""
                  stroke=""rgb(64,64,64)"" stroke-width=""1.5""/>
            <line fill=""none"" x1=""120"" x2=""133"" y1=""80"" y2=""80""
                  stroke=""rgb(64,64,64)"" stroke-width=""1.5""/>
            <line fill=""none"" x1=""133"" x2=""133"" y1=""80"" y2=""85""
                  stroke=""rgb(64,64,64)"" stroke-width=""1.5""/>
            <line fill=""none"" x1=""106"" x2=""106"" y1=""82"" y2=""85""
                  stroke=""rgb(64,64,64)"" stroke-width=""1.5""/>
            <line fill=""none"" x1=""106"" x2=""120"" y1=""82"" y2=""82""
                  stroke=""rgb(64,64,64)"" stroke-width=""1.5""/>
            <line fill=""none"" x1=""120"" x2=""120"" y1=""82"" y2=""85""
                  stroke=""rgb(64,64,64)"" stroke-width=""1.5""/>
            <line fill=""none"" x1=""93"" x2=""93"" y1=""83"" y2=""85""
                  stroke=""rgb(64,64,64)"" stroke-width=""1.5""/>
            <line fill=""none"" x1=""93"" x2=""106"" y1=""83"" y2=""83""
                  stroke=""rgb(64,64,64)"" stroke-width=""1.5""/>
            <line fill=""none"" x1=""106"" x2=""106"" y1=""83"" y2=""85""
                  stroke=""rgb(64,64,64)"" stroke-width=""1.5""/>
            <line fill=""none"" x1=""80"" x2=""80"" y1=""83"" y2=""85""
                  stroke=""rgb(64,64,64)"" stroke-width=""1.5""/>
            <line fill=""none"" x1=""80"" x2=""93"" y1=""83"" y2=""83""
                  stroke=""rgb(64,64,64)"" stroke-width=""1.5""/>
            <line fill=""none"" x1=""93"" x2=""93"" y1=""83"" y2=""85""
                  stroke=""rgb(64,64,64)"" stroke-width=""1.5""/>
            <line fill=""none"" x1=""66"" x2=""66"" y1=""83"" y2=""85""
                  stroke=""rgb(64,64,64)"" stroke-width=""1.5""/>
            <line fill=""none"" x1=""66"" x2=""80"" y1=""83"" y2=""83""
                  stroke=""rgb(64,64,64)"" stroke-width=""1.5""/>
            <line fill=""none"" x1=""80"" x2=""80"" y1=""83"" y2=""85""
                  stroke=""rgb(64,64,64)"" stroke-width=""1.5""/>
            <line fill=""none"" x1=""53"" x2=""53"" y1=""83"" y2=""85""
                  stroke=""rgb(64,64,64)"" stroke-width=""1.5""/>
            <line fill=""none"" x1=""53"" x2=""66"" y1=""83"" y2=""83""
                  stroke=""rgb(64,64,64)"" stroke-width=""1.5""/>
            <line fill=""none"" x1=""66"" x2=""66"" y1=""83"" y2=""85""
                  stroke=""rgb(64,64,64)"" stroke-width=""1.5""/>
            <line fill=""none"" x1=""40"" x2=""40"" y1=""83"" y2=""85""
                  stroke=""rgb(64,64,64)"" stroke-width=""1.5""/>
            <line fill=""none"" x1=""40"" x2=""53"" y1=""83"" y2=""83""
                  stroke=""rgb(64,64,64)"" stroke-width=""1.5""/>
            <line fill=""none"" x1=""53"" x2=""53"" y1=""83"" y2=""85""
                  stroke=""rgb(64,64,64)"" stroke-width=""1.5""/>
            <line fill=""none"" x1=""26"" x2=""26"" y1=""83"" y2=""85""
                  stroke=""rgb(64,64,64)"" stroke-width=""1.5""/>
            <line fill=""none"" x1=""26"" x2=""40"" y1=""83"" y2=""83""
                  stroke=""rgb(64,64,64)"" stroke-width=""1.5""/>
            <line fill=""none"" x1=""40"" x2=""40"" y1=""83"" y2=""85""
                  stroke=""rgb(64,64,64)"" stroke-width=""1.5""/>
            <line fill=""none"" x1=""13"" x2=""13"" y1=""83"" y2=""85""
                  stroke=""rgb(64,64,64)"" stroke-width=""1.5""/>
            <line fill=""none"" x1=""13"" x2=""26"" y1=""83"" y2=""83""
                  stroke=""rgb(64,64,64)"" stroke-width=""1.5""/>
            <line fill=""none"" x1=""26"" x2=""26"" y1=""83"" y2=""85""
                  stroke=""rgb(64,64,64)"" stroke-width=""1.5""/>
            <line fill=""none"" x1=""0"" x2=""0"" y1=""74"" y2=""85""
                  stroke=""rgb(64,64,64)"" stroke-width=""1.5""/>
            <line fill=""none"" x1=""0"" x2=""13"" y1=""74"" y2=""74""
                  stroke=""rgb(64,64,64)"" stroke-width=""1.5""/>
            <line fill=""none"" x1=""13"" x2=""13"" y1=""74"" y2=""85""
                  stroke=""rgb(64,64,64)"" stroke-width=""1.5""/>
            <line fill=""none"" x1=""0"" x2=""0"" y1=""85"" y2=""90"" stroke=""black""
                  stroke-width=""1.5""/>
            <line fill=""none"" x1=""200"" x2=""200"" y1=""85"" y2=""90"" stroke=""black""
                  stroke-width=""1.5""/>
            <text fill=""black"" x=""1"" xml:space=""preserve"" stroke-width=""1.5""
                  y=""100"" stroke=""none"">1</text><text fill=""black"" x=""191""
                  xml:space=""preserve"" stroke-width=""1.5"" y=""100"" stroke=""none"">4</text>
        </g>
    </g>
</svg>"
"CH2O",1,3,2.0080114040739003,0.6129534517968718,0.37571193406970005,-0.1049116448682415,-0.879394610124639,4238.9120740000035,0,0,0,0,,2111,"
<svg stroke-dasharray=""none"" shape-rendering=""auto""
     xmlns=""http://www.w3.org/2000/svg"" font-family=""&apos;Dialog&apos;""
     width=""200"" text-rendering=""auto"" fill-opacity=""1""
     contentScriptType=""text/ecmascript"" color-interpolation=""auto""
     color-rendering=""auto"" preserveAspectRatio=""xMidYMid meet"" font-size=""12px""
     fill=""black"" xmlns:xlink=""http://www.w3.org/1999/xlink"" stroke=""black""
     image-rendering=""auto"" stroke-miterlimit=""10"" zoomAndPan=""magnify""
     version=""1.0"" stroke-linecap=""square"" stroke-linejoin=""miter""
     contentStyleType=""text/css"" font-style=""normal"" height=""100""
     stroke-width=""1"" stroke-dashoffset=""0"" font-weight=""normal""
     stroke-opacity=""1"">
    <!--Generated by the Batik Graphics2D SVG Generator-->
    <defs id=""genericDefs""/>
    <g>
        <g fill=""rgb(170,204,255)"" stroke=""rgb(170,204,255)"">
            <rect x=""180"" width=""20"" height=""12"" y=""73"" stroke=""none""/>
            <rect x=""160"" width=""20"" height=""7"" y=""78"" stroke=""none""/>
            <rect x=""140"" width=""20"" height=""6"" y=""79"" stroke=""none""/>
            <rect x=""120"" width=""20"" height=""5"" y=""80"" stroke=""none""/>
            <rect x=""100"" width=""20"" height=""27"" y=""58"" stroke=""none""/>
            <rect x=""80"" width=""20"" height=""6"" y=""79"" stroke=""none""/>
            <rect x=""60"" width=""20"" height=""5"" y=""80"" stroke=""none""/>
            <rect x=""40"" width=""20"" height=""4"" y=""81"" stroke=""none""/>
            <rect x=""20"" width=""20"" height=""5"" y=""80"" stroke=""none""/>
            <rect x=""0"" width=""20"" height=""14"" y=""71"" stroke=""none""/>
            <line y2=""85"" fill=""none"" x1=""0"" x2=""200"" stroke=""rgb(64,64,64)""
                  y1=""85""/>
            <line fill=""none"" x1=""180"" x2=""180"" y1=""73"" y2=""85""
                  stroke=""rgb(64,64,64)"" stroke-width=""1.5""/>
            <line fill=""none"" x1=""180"" x2=""200"" y1=""73"" y2=""73""
                  stroke=""rgb(64,64,64)"" stroke-width=""1.5""/>
            <line fill=""none"" x1=""200"" x2=""200"" y1=""73"" y2=""85""
                  stroke=""rgb(64,64,64)"" stroke-width=""1.5""/>
            <line fill=""none"" x1=""160"" x2=""160"" y1=""78"" y2=""85""
                  stroke=""rgb(64,64,64)"" stroke-width=""1.5""/>
            <line fill=""none"" x1=""160"" x2=""180"" y1=""78"" y2=""78""
                  stroke=""rgb(64,64,64)"" stroke-width=""1.5""/>
            <line fill=""none"" x1=""180"" x2=""180"" y1=""78"" y2=""85""
                  stroke=""rgb(64,64,64)"" stroke-width=""1.5""/>
            <line fill=""none"" x1=""140"" x2=""140"" y1=""79"" y2=""85""
                  stroke=""rgb(64,64,64)"" stroke-width=""1.5""/>
            <line fill=""none"" x1=""140"" x2=""160"" y1=""79"" y2=""79""
                  stroke=""rgb(64,64,64)"" stroke-width=""1.5""/>
            <line fill=""none"" x1=""160"" x2=""160"" y1=""79"" y2=""85""
                  stroke=""rgb(64,64,64)"" stroke-width=""1.5""/>
            <line fill=""none"" x1=""120"" x2=""120"" y1=""80"" y2=""85""
                  stroke=""rgb(64,64,64)"" stroke-width=""1.5""/>
            <line fill=""none"" x1=""120"" x2=""140"" y1=""80"" y2=""80""
                  stroke=""rgb(64,64,64)"" stroke-width=""1.5""/>
            <line fill=""none"" x1=""140"" x2=""140"" y1=""80"" y2=""85""
                  stroke=""rgb(64,64,64)"" stroke-width=""1.5""/>
            <line fill=""none"" x1=""100"" x2=""100"" y1=""58"" y2=""85""
                  stroke=""rgb(64,64,64)"" stroke-width=""1.5""/>
            <line fill=""none"" x1=""100"" x2=""120"" y1=""58"" y2=""58""
                  stroke=""rgb(64,64,64)"" stroke-width=""1.5""/>
            <line fill=""none"" x1=""120"" x2=""120"" y1=""58"" y2=""85""
                  stroke=""rgb(64,64,64)"" stroke-width=""1.5""/>
            <line fill=""none"" x1=""80"" x2=""80"" y1=""79"" y2=""85""
                  stroke=""rgb(64,64,64)"" stroke-width=""1.5""/>
            <line fill=""none"" x1=""80"" x2=""100"" y1=""79"" y2=""79""
                  stroke=""rgb(64,64,64)"" stroke-width=""1.5""/>
            <line fill=""none"" x1=""100"" x2=""100"" y1=""79"" y2=""85""
                  stroke=""rgb(64,64,64)"" stroke-width=""1.5""/>
            <line fill=""none"" x1=""60"" x2=""60"" y1=""80"" y2=""85""
                  stroke=""rgb(64,64,64)"" stroke-width=""1.5""/>
            <line fill=""none"" x1=""60"" x2=""80"" y1=""80"" y2=""80""
                  stroke=""rgb(64,64,64)"" stroke-width=""1.5""/>
            <line fill=""none"" x1=""80"" x2=""80"" y1=""80"" y2=""85""
                  stroke=""rgb(64,64,64)"" stroke-width=""1.5""/>
            <line fill=""none"" x1=""40"" x2=""40"" y1=""81"" y2=""85""
                  stroke=""rgb(64,64,64)"" stroke-width=""1.5""/>
            <line fill=""none"" x1=""40"" x2=""60"" y1=""81"" y2=""81""
                  stroke=""rgb(64,64,64)"" stroke-width=""1.5""/>
            <line fill=""none"" x1=""60"" x2=""60"" y1=""81"" y2=""85""
                  stroke=""rgb(64,64,64)"" stroke-width=""1.5""/>
            <line fill=""none"" x1=""20"" x2=""20"" y1=""80"" y2=""85""
                  stroke=""rgb(64,64,64)"" stroke-width=""1.5""/>
            <line fill=""none"" x1=""20"" x2=""40"" y1=""80"" y2=""80""
                  stroke=""rgb(64,64,64)"" stroke-width=""1.5""/>
            <line fill=""none"" x1=""40"" x2=""40"" y1=""80"" y2=""85""
                  stroke=""rgb(64,64,64)"" stroke-width=""1.5""/>
            <line fill=""none"" x1=""0"" x2=""0"" y1=""71"" y2=""85""
                  stroke=""rgb(64,64,64)"" stroke-width=""1.5""/>
            <line fill=""none"" x1=""0"" x2=""20"" y1=""71"" y2=""71""
                  stroke=""rgb(64,64,64)"" stroke-width=""1.5""/>
            <line fill=""none"" x1=""20"" x2=""20"" y1=""71"" y2=""85""
                  stroke=""rgb(64,64,64)"" stroke-width=""1.5""/>
            <line fill=""none"" x1=""0"" x2=""0"" y1=""85"" y2=""90"" stroke=""black""
                  stroke-width=""1.5""/>
            <line fill=""none"" x1=""200"" x2=""200"" y1=""85"" y2=""90"" stroke=""black""
                  stroke-width=""1.5""/>
            <text fill=""black"" x=""1"" xml:space=""preserve"" stroke-width=""1.5""
                  y=""100"" stroke=""none"">1</text><text fill=""black"" x=""191""
                  xml:space=""preserve"" stroke-width=""1.5"" y=""100"" stroke=""none"">3</text>
        </g>
    </g>
</svg>"
"FAF",0,3,1.0102976958787335,0.8505924308366988,0.7235074833966841,0.49848961466299746,-0.6205877595201374,2132.7384360000065,0,0,0,0,,2111,"
<svg stroke-dasharray=""none"" shape-rendering=""auto""
     xmlns=""http://www.w3.org/2000/svg"" font-family=""&apos;Dialog&apos;""
     width=""200"" text-rendering=""auto"" fill-opacity=""1""
     contentScriptType=""text/ecmascript"" color-interpolation=""auto""
     color-rendering=""auto"" preserveAspectRatio=""xMidYMid meet"" font-size=""12px""
     fill=""black"" xmlns:xlink=""http://www.w3.org/1999/xlink"" stroke=""black""
     image-rendering=""auto"" stroke-miterlimit=""10"" zoomAndPan=""magnify""
     version=""1.0"" stroke-linecap=""square"" stroke-linejoin=""miter""
     contentStyleType=""text/css"" font-style=""normal"" height=""100""
     stroke-width=""1"" stroke-dashoffset=""0"" font-weight=""normal""
     stroke-opacity=""1"">
    <!--Generated by the Batik Graphics2D SVG Generator-->
    <defs id=""genericDefs""/>
    <g>
        <g fill=""rgb(170,204,255)"" stroke=""rgb(170,204,255)"">
            <rect x=""186"" width=""14"" height=""4"" y=""81"" stroke=""none""/>
            <rect x=""173"" width=""14"" height=""1"" y=""84"" stroke=""none""/>
            <rect x=""160"" width=""14"" height=""1"" y=""84"" stroke=""none""/>
            <rect x=""146"" width=""14"" height=""2"" y=""83"" stroke=""none""/>
            <rect x=""133"" width=""14"" height=""9"" y=""76"" stroke=""none""/>
            <rect x=""120"" width=""14"" height=""5"" y=""80"" stroke=""none""/>
            <rect x=""106"" width=""14"" height=""4"" y=""81"" stroke=""none""/>
            <rect x=""93"" width=""14"" height=""5"" y=""80"" stroke=""none""/>
            <rect x=""80"" width=""14"" height=""4"" y=""81"" stroke=""none""/>
            <rect x=""66"" width=""14"" height=""14"" y=""71"" stroke=""none""/>
            <rect x=""53"" width=""14"" height=""6"" y=""79"" stroke=""none""/>
            <rect x=""40"" width=""14"" height=""4"" y=""81"" stroke=""none""/>
            <rect x=""26"" width=""14"" height=""4"" y=""81"" stroke=""none""/>
            <rect x=""13"" width=""14"" height=""5"" y=""80"" stroke=""none""/>
            <rect x=""0"" width=""14"" height=""24"" y=""61"" stroke=""none""/>
            <line y2=""85"" fill=""none"" x1=""0"" x2=""200"" stroke=""rgb(64,64,64)""
                  y1=""85""/>
            <line fill=""none"" x1=""186"" x2=""186"" y1=""81"" y2=""85""
                  stroke=""rgb(64,64,64)"" stroke-width=""1.5""/>
            <line fill=""none"" x1=""186"" x2=""200"" y1=""81"" y2=""81""
                  stroke=""rgb(64,64,64)"" stroke-width=""1.5""/>
            <line fill=""none"" x1=""200"" x2=""200"" y1=""81"" y2=""85""
                  stroke=""rgb(64,64,64)"" stroke-width=""1.5""/>
            <line fill=""none"" x1=""173"" x2=""173"" y1=""84"" y2=""85""
                  stroke=""rgb(64,64,64)"" stroke-width=""1.5""/>
            <line fill=""none"" x1=""173"" x2=""186"" y1=""84"" y2=""84""
                  stroke=""rgb(64,64,64)"" stroke-width=""1.5""/>
            <line fill=""none"" x1=""186"" x2=""186"" y1=""84"" y2=""85""
                  stroke=""rgb(64,64,64)"" stroke-width=""1.5""/>
            <line fill=""none"" x1=""160"" x2=""160"" y1=""84"" y2=""85""
                  stroke=""rgb(64,64,64)"" stroke-width=""1.5""/>
            <line fill=""none"" x1=""160"" x2=""173"" y1=""84"" y2=""84""
                  stroke=""rgb(64,64,64)"" stroke-width=""1.5""/>
            <line fill=""none"" x1=""173"" x2=""173"" y1=""84"" y2=""85""
                  stroke=""rgb(64,64,64)"" stroke-width=""1.5""/>
            <line fill=""none"" x1=""146"" x2=""146"" y1=""83"" y2=""85""
                  stroke=""rgb(64,64,64)"" stroke-width=""1.5""/>
            <line fill=""none"" x1=""146"" x2=""160"" y1=""83"" y2=""83""
                  stroke=""rgb(64,64,64)"" stroke-width=""1.5""/>
            <line fill=""none"" x1=""160"" x2=""160"" y1=""83"" y2=""85""
                  stroke=""rgb(64,64,64)"" stroke-width=""1.5""/>
            <line fill=""none"" x1=""133"" x2=""133"" y1=""76"" y2=""85""
                  stroke=""rgb(64,64,64)"" stroke-width=""1.5""/>
            <line fill=""none"" x1=""133"" x2=""146"" y1=""76"" y2=""76""
                  stroke=""rgb(64,64,64)"" stroke-width=""1.5""/>
            <line fill=""none"" x1=""146"" x2=""146"" y1=""76"" y2=""85""
                  stroke=""rgb(64,64,64)"" stroke-width=""1.5""/>
            <line fill=""none"" x1=""120"" x2=""120"" y1=""80"" y2=""85""
                  stroke=""rgb(64,64,64)"" stroke-width=""1.5""/>
            <line fill=""none"" x1=""120"" x2=""133"" y1=""80"" y2=""80""
                  stroke=""rgb(64,64,64)"" stroke-width=""1.5""/>
            <line fill=""none"" x1=""133"" x2=""133"" y1=""80"" y2=""85""
                  stroke=""rgb(64,64,64)"" stroke-width=""1.5""/>
            <line fill=""none"" x1=""106"" x2=""106"" y1=""81"" y2=""85""
                  stroke=""rgb(64,64,64)"" stroke-width=""1.5""/>
            <line fill=""none"" x1=""106"" x2=""120"" y1=""81"" y2=""81""
                  stroke=""rgb(64,64,64)"" stroke-width=""1.5""/>
            <line fill=""none"" x1=""120"" x2=""120"" y1=""81"" y2=""85""
                  stroke=""rgb(64,64,64)"" stroke-width=""1.5""/>
            <line fill=""none"" x1=""93"" x2=""93"" y1=""80"" y2=""85""
                  stroke=""rgb(64,64,64)"" stroke-width=""1.5""/>
            <line fill=""none"" x1=""93"" x2=""106"" y1=""80"" y2=""80""
                  stroke=""rgb(64,64,64)"" stroke-width=""1.5""/>
            <line fill=""none"" x1=""106"" x2=""106"" y1=""80"" y2=""85""
                  stroke=""rgb(64,64,64)"" stroke-width=""1.5""/>
            <line fill=""none"" x1=""80"" x2=""80"" y1=""81"" y2=""85""
                  stroke=""rgb(64,64,64)"" stroke-width=""1.5""/>
            <line fill=""none"" x1=""80"" x2=""93"" y1=""81"" y2=""81""
                  stroke=""rgb(64,64,64)"" stroke-width=""1.5""/>
            <line fill=""none"" x1=""93"" x2=""93"" y1=""81"" y2=""85""
                  stroke=""rgb(64,64,64)"" stroke-width=""1.5""/>
            <line fill=""none"" x1=""66"" x2=""66"" y1=""71"" y2=""85""
                  stroke=""rgb(64,64,64)"" stroke-width=""1.5""/>
            <line fill=""none"" x1=""66"" x2=""80"" y1=""71"" y2=""71""
                  stroke=""rgb(64,64,64)"" stroke-width=""1.5""/>
            <line fill=""none"" x1=""80"" x2=""80"" y1=""71"" y2=""85""
                  stroke=""rgb(64,64,64)"" stroke-width=""1.5""/>
            <line fill=""none"" x1=""53"" x2=""53"" y1=""79"" y2=""85""
                  stroke=""rgb(64,64,64)"" stroke-width=""1.5""/>
            <line fill=""none"" x1=""53"" x2=""66"" y1=""79"" y2=""79""
                  stroke=""rgb(64,64,64)"" stroke-width=""1.5""/>
            <line fill=""none"" x1=""66"" x2=""66"" y1=""79"" y2=""85""
                  stroke=""rgb(64,64,64)"" stroke-width=""1.5""/>
            <line fill=""none"" x1=""40"" x2=""40"" y1=""81"" y2=""85""
                  stroke=""rgb(64,64,64)"" stroke-width=""1.5""/>
            <line fill=""none"" x1=""40"" x2=""53"" y1=""81"" y2=""81""
                  stroke=""rgb(64,64,64)"" stroke-width=""1.5""/>
            <line fill=""none"" x1=""53"" x2=""53"" y1=""81"" y2=""85""
                  stroke=""rgb(64,64,64)"" stroke-width=""1.5""/>
            <line fill=""none"" x1=""26"" x2=""26"" y1=""81"" y2=""85""
                  stroke=""rgb(64,64,64)"" stroke-width=""1.5""/>
            <line fill=""none"" x1=""26"" x2=""40"" y1=""81"" y2=""81""
                  stroke=""rgb(64,64,64)"" stroke-width=""1.5""/>
            <line fill=""none"" x1=""40"" x2=""40"" y1=""81"" y2=""85""
                  stroke=""rgb(64,64,64)"" stroke-width=""1.5""/>
            <line fill=""none"" x1=""13"" x2=""13"" y1=""80"" y2=""85""
                  stroke=""rgb(64,64,64)"" stroke-width=""1.5""/>
            <line fill=""none"" x1=""13"" x2=""26"" y1=""80"" y2=""80""
                  stroke=""rgb(64,64,64)"" stroke-width=""1.5""/>
            <line fill=""none"" x1=""26"" x2=""26"" y1=""80"" y2=""85""
                  stroke=""rgb(64,64,64)"" stroke-width=""1.5""/>
            <line fill=""none"" x1=""0"" x2=""0"" y1=""61"" y2=""85""
                  stroke=""rgb(64,64,64)"" stroke-width=""1.5""/>
            <line fill=""none"" x1=""0"" x2=""13"" y1=""61"" y2=""61""
                  stroke=""rgb(64,64,64)"" stroke-width=""1.5""/>
            <line fill=""none"" x1=""13"" x2=""13"" y1=""61"" y2=""85""
                  stroke=""rgb(64,64,64)"" stroke-width=""1.5""/>
            <line fill=""none"" x1=""0"" x2=""0"" y1=""85"" y2=""90"" stroke=""black""
                  stroke-width=""1.5""/>
            <line fill=""none"" x1=""200"" x2=""200"" y1=""85"" y2=""90"" stroke=""black""
                  stroke-width=""1.5""/>
            <text fill=""black"" x=""1"" xml:space=""preserve"" stroke-width=""1.5""
                  y=""100"" stroke=""none"">0</text><text fill=""black"" x=""191""
                  xml:space=""preserve"" stroke-width=""1.5"" y=""100"" stroke=""none"">3</text>
        </g>
    </g>
</svg>"
"TUE",0,2,0.657865923732829,0.6089272596763785,0.3707924075769837,0.6185024143058284,-0.5486604004486899,1388.7549650000021,0,0,0,0,,2111,"
<svg stroke-dasharray=""none"" shape-rendering=""auto""
     xmlns=""http://www.w3.org/2000/svg"" font-family=""&apos;Dialog&apos;""
     width=""200"" text-rendering=""auto"" fill-opacity=""1""
     contentScriptType=""text/ecmascript"" color-interpolation=""auto""
     color-rendering=""auto"" preserveAspectRatio=""xMidYMid meet"" font-size=""12px""
     fill=""black"" xmlns:xlink=""http://www.w3.org/1999/xlink"" stroke=""black""
     image-rendering=""auto"" stroke-miterlimit=""10"" zoomAndPan=""magnify""
     version=""1.0"" stroke-linecap=""square"" stroke-linejoin=""miter""
     contentStyleType=""text/css"" font-style=""normal"" height=""100""
     stroke-width=""1"" stroke-dashoffset=""0"" font-weight=""normal""
     stroke-opacity=""1"">
    <!--Generated by the Batik Graphics2D SVG Generator-->
    <defs id=""genericDefs""/>
    <g>
        <g fill=""rgb(170,204,255)"" stroke=""rgb(170,204,255)"">
            <rect x=""180"" width=""20"" height=""7"" y=""78"" stroke=""none""/>
            <rect x=""160"" width=""20"" height=""3"" y=""82"" stroke=""none""/>
            <rect x=""140"" width=""20"" height=""3"" y=""82"" stroke=""none""/>
            <rect x=""120"" width=""20"" height=""3"" y=""82"" stroke=""none""/>
            <rect x=""100"" width=""20"" height=""15"" y=""70"" stroke=""none""/>
            <rect x=""80"" width=""20"" height=""8"" y=""77"" stroke=""none""/>
            <rect x=""60"" width=""20"" height=""8"" y=""77"" stroke=""none""/>
            <rect x=""40"" width=""20"" height=""7"" y=""78"" stroke=""none""/>
            <rect x=""20"" width=""20"" height=""6"" y=""79"" stroke=""none""/>
            <rect x=""0"" width=""20"" height=""30"" y=""55"" stroke=""none""/>
            <line y2=""85"" fill=""none"" x1=""0"" x2=""200"" stroke=""rgb(64,64,64)""
                  y1=""85""/>
            <line fill=""none"" x1=""180"" x2=""180"" y1=""78"" y2=""85""
                  stroke=""rgb(64,64,64)"" stroke-width=""1.5""/>
            <line fill=""none"" x1=""180"" x2=""200"" y1=""78"" y2=""78""
                  stroke=""rgb(64,64,64)"" stroke-width=""1.5""/>
            <line fill=""none"" x1=""200"" x2=""200"" y1=""78"" y2=""85""
                  stroke=""rgb(64,64,64)"" stroke-width=""1.5""/>
            <line fill=""none"" x1=""160"" x2=""160"" y1=""82"" y2=""85""
                  stroke=""rgb(64,64,64)"" stroke-width=""1.5""/>
            <line fill=""none"" x1=""160"" x2=""180"" y1=""82"" y2=""82""
                  stroke=""rgb(64,64,64)"" stroke-width=""1.5""/>
            <line fill=""none"" x1=""180"" x2=""180"" y1=""82"" y2=""85""
                  stroke=""rgb(64,64,64)"" stroke-width=""1.5""/>
            <line fill=""none"" x1=""140"" x2=""140"" y1=""82"" y2=""85""
                  stroke=""rgb(64,64,64)"" stroke-width=""1.5""/>
            <line fill=""none"" x1=""140"" x2=""160"" y1=""82"" y2=""82""
                  stroke=""rgb(64,64,64)"" stroke-width=""1.5""/>
            <line fill=""none"" x1=""160"" x2=""160"" y1=""82"" y2=""85""
                  stroke=""rgb(64,64,64)"" stroke-width=""1.5""/>
            <line fill=""none"" x1=""120"" x2=""120"" y1=""82"" y2=""85""
                  stroke=""rgb(64,64,64)"" stroke-width=""1.5""/>
            <line fill=""none"" x1=""120"" x2=""140"" y1=""82"" y2=""82""
                  stroke=""rgb(64,64,64)"" stroke-width=""1.5""/>
            <line fill=""none"" x1=""140"" x2=""140"" y1=""82"" y2=""85""
                  stroke=""rgb(64,64,64)"" stroke-width=""1.5""/>
            <line fill=""none"" x1=""100"" x2=""100"" y1=""70"" y2=""85""
                  stroke=""rgb(64,64,64)"" stroke-width=""1.5""/>
            <line fill=""none"" x1=""100"" x2=""120"" y1=""70"" y2=""70""
                  stroke=""rgb(64,64,64)"" stroke-width=""1.5""/>
            <line fill=""none"" x1=""120"" x2=""120"" y1=""70"" y2=""85""
                  stroke=""rgb(64,64,64)"" stroke-width=""1.5""/>
            <line fill=""none"" x1=""80"" x2=""80"" y1=""77"" y2=""85""
                  stroke=""rgb(64,64,64)"" stroke-width=""1.5""/>
            <line fill=""none"" x1=""80"" x2=""100"" y1=""77"" y2=""77""
                  stroke=""rgb(64,64,64)"" stroke-width=""1.5""/>
            <line fill=""none"" x1=""100"" x2=""100"" y1=""77"" y2=""85""
                  stroke=""rgb(64,64,64)"" stroke-width=""1.5""/>
            <line fill=""none"" x1=""60"" x2=""60"" y1=""77"" y2=""85""
                  stroke=""rgb(64,64,64)"" stroke-width=""1.5""/>
            <line fill=""none"" x1=""60"" x2=""80"" y1=""77"" y2=""77""
                  stroke=""rgb(64,64,64)"" stroke-width=""1.5""/>
            <line fill=""none"" x1=""80"" x2=""80"" y1=""77"" y2=""85""
                  stroke=""rgb(64,64,64)"" stroke-width=""1.5""/>
            <line fill=""none"" x1=""40"" x2=""40"" y1=""78"" y2=""85""
                  stroke=""rgb(64,64,64)"" stroke-width=""1.5""/>
            <line fill=""none"" x1=""40"" x2=""60"" y1=""78"" y2=""78""
                  stroke=""rgb(64,64,64)"" stroke-width=""1.5""/>
            <line fill=""none"" x1=""60"" x2=""60"" y1=""78"" y2=""85""
                  stroke=""rgb(64,64,64)"" stroke-width=""1.5""/>
            <line fill=""none"" x1=""20"" x2=""20"" y1=""79"" y2=""85""
                  stroke=""rgb(64,64,64)"" stroke-width=""1.5""/>
            <line fill=""none"" x1=""20"" x2=""40"" y1=""79"" y2=""79""
                  stroke=""rgb(64,64,64)"" stroke-width=""1.5""/>
            <line fill=""none"" x1=""40"" x2=""40"" y1=""79"" y2=""85""
                  stroke=""rgb(64,64,64)"" stroke-width=""1.5""/>
            <line fill=""none"" x1=""0"" x2=""0"" y1=""55"" y2=""85""
                  stroke=""rgb(64,64,64)"" stroke-width=""1.5""/>
            <line fill=""none"" x1=""0"" x2=""20"" y1=""55"" y2=""55""
                  stroke=""rgb(64,64,64)"" stroke-width=""1.5""/>
            <line fill=""none"" x1=""20"" x2=""20"" y1=""55"" y2=""85""
                  stroke=""rgb(64,64,64)"" stroke-width=""1.5""/>
            <line fill=""none"" x1=""0"" x2=""0"" y1=""85"" y2=""90"" stroke=""black""
                  stroke-width=""1.5""/>
            <line fill=""none"" x1=""200"" x2=""200"" y1=""85"" y2=""90"" stroke=""black""
                  stroke-width=""1.5""/>
            <text fill=""black"" x=""1"" xml:space=""preserve"" stroke-width=""1.5""
                  y=""100"" stroke=""none"">0</text><text fill=""black"" x=""191""
                  xml:space=""preserve"" stroke-width=""1.5"" y=""100"" stroke=""none"">2</text>
        </g>
    </g>
</svg>"
"Gender (to number)",0,1,0.5059213642823307,0.5000833972849267,0.25008340424003384,-0.023703964752155544,-2.001335122423361,1068,0,0,0,0,,2111,"
<svg stroke-dasharray=""none"" shape-rendering=""auto""
     xmlns=""http://www.w3.org/2000/svg"" font-family=""&apos;Dialog&apos;""
     width=""200"" text-rendering=""auto"" fill-opacity=""1""
     contentScriptType=""text/ecmascript"" color-interpolation=""auto""
     color-rendering=""auto"" preserveAspectRatio=""xMidYMid meet"" font-size=""12px""
     fill=""black"" xmlns:xlink=""http://www.w3.org/1999/xlink"" stroke=""black""
     image-rendering=""auto"" stroke-miterlimit=""10"" zoomAndPan=""magnify""
     version=""1.0"" stroke-linecap=""square"" stroke-linejoin=""miter""
     contentStyleType=""text/css"" font-style=""normal"" height=""100""
     stroke-width=""1"" stroke-dashoffset=""0"" font-weight=""normal""
     stroke-opacity=""1"">
    <!--Generated by the Batik Graphics2D SVG Generator-->
    <defs id=""genericDefs""/>
    <g>
        <g fill=""rgb(170,204,255)"" stroke=""rgb(170,204,255)"">
            <rect x=""180"" width=""20"" height=""44"" y=""41"" stroke=""none""/>
            <line y2=""85"" x1=""160"" x2=""180"" stroke=""none"" y1=""85""/>
            <line y2=""85"" x1=""140"" x2=""160"" stroke=""none"" y1=""85""/>
            <line y2=""85"" x1=""120"" x2=""140"" stroke=""none"" y1=""85""/>
            <line y2=""85"" x1=""100"" x2=""120"" stroke=""none"" y1=""85""/>
            <line y2=""85"" x1=""80"" x2=""100"" stroke=""none"" y1=""85""/>
            <line y2=""85"" x1=""60"" x2=""80"" stroke=""none"" y1=""85""/>
            <line y2=""85"" x1=""40"" x2=""60"" stroke=""none"" y1=""85""/>
            <line y2=""85"" x1=""20"" x2=""40"" stroke=""none"" y1=""85""/>
            <rect x=""0"" width=""20"" height=""42"" y=""43"" stroke=""none""/>
            <line y2=""85"" fill=""none"" x1=""0"" x2=""200"" stroke=""rgb(64,64,64)""
                  y1=""85""/>
            <line fill=""none"" x1=""180"" x2=""180"" y1=""41"" y2=""85""
                  stroke=""rgb(64,64,64)"" stroke-width=""1.5""/>
            <line fill=""none"" x1=""180"" x2=""200"" y1=""41"" y2=""41""
                  stroke=""rgb(64,64,64)"" stroke-width=""1.5""/>
            <line fill=""none"" x1=""200"" x2=""200"" y1=""41"" y2=""85""
                  stroke=""rgb(64,64,64)"" stroke-width=""1.5""/>
            <line fill=""none"" x1=""160"" x2=""160"" y1=""85"" y2=""85""
                  stroke=""rgb(64,64,64)"" stroke-width=""1.5""/>
            <line fill=""none"" x1=""160"" x2=""180"" y1=""85"" y2=""85""
                  stroke=""rgb(64,64,64)"" stroke-width=""1.5""/>
            <line fill=""none"" x1=""180"" x2=""180"" y1=""85"" y2=""85""
                  stroke=""rgb(64,64,64)"" stroke-width=""1.5""/>
            <line fill=""none"" x1=""140"" x2=""140"" y1=""85"" y2=""85""
                  stroke=""rgb(64,64,64)"" stroke-width=""1.5""/>
            <line fill=""none"" x1=""140"" x2=""160"" y1=""85"" y2=""85""
                  stroke=""rgb(64,64,64)"" stroke-width=""1.5""/>
            <line fill=""none"" x1=""160"" x2=""160"" y1=""85"" y2=""85""
                  stroke=""rgb(64,64,64)"" stroke-width=""1.5""/>
            <line fill=""none"" x1=""120"" x2=""120"" y1=""85"" y2=""85""
                  stroke=""rgb(64,64,64)"" stroke-width=""1.5""/>
            <line fill=""none"" x1=""120"" x2=""140"" y1=""85"" y2=""85""
                  stroke=""rgb(64,64,64)"" stroke-width=""1.5""/>
            <line fill=""none"" x1=""140"" x2=""140"" y1=""85"" y2=""85""
                  stroke=""rgb(64,64,64)"" stroke-width=""1.5""/>
            <line fill=""none"" x1=""100"" x2=""100"" y1=""85"" y2=""85""
                  stroke=""rgb(64,64,64)"" stroke-width=""1.5""/>
            <line fill=""none"" x1=""100"" x2=""120"" y1=""85"" y2=""85""
                  stroke=""rgb(64,64,64)"" stroke-width=""1.5""/>
            <line fill=""none"" x1=""120"" x2=""120"" y1=""85"" y2=""85""
                  stroke=""rgb(64,64,64)"" stroke-width=""1.5""/>
            <line fill=""none"" x1=""80"" x2=""80"" y1=""85"" y2=""85""
                  stroke=""rgb(64,64,64)"" stroke-width=""1.5""/>
            <line fill=""none"" x1=""80"" x2=""100"" y1=""85"" y2=""85""
                  stroke=""rgb(64,64,64)"" stroke-width=""1.5""/>
            <line fill=""none"" x1=""100"" x2=""100"" y1=""85"" y2=""85""
                  stroke=""rgb(64,64,64)"" stroke-width=""1.5""/>
            <line fill=""none"" x1=""60"" x2=""60"" y1=""85"" y2=""85""
                  stroke=""rgb(64,64,64)"" stroke-width=""1.5""/>
            <line fill=""none"" x1=""60"" x2=""80"" y1=""85"" y2=""85""
                  stroke=""rgb(64,64,64)"" stroke-width=""1.5""/>
            <line fill=""none"" x1=""80"" x2=""80"" y1=""85"" y2=""85""
                  stroke=""rgb(64,64,64)"" stroke-width=""1.5""/>
            <line fill=""none"" x1=""40"" x2=""40"" y1=""85"" y2=""85""
                  stroke=""rgb(64,64,64)"" stroke-width=""1.5""/>
            <line fill=""none"" x1=""40"" x2=""60"" y1=""85"" y2=""85""
                  stroke=""rgb(64,64,64)"" stroke-width=""1.5""/>
            <line fill=""none"" x1=""60"" x2=""60"" y1=""85"" y2=""85""
                  stroke=""rgb(64,64,64)"" stroke-width=""1.5""/>
            <line fill=""none"" x1=""20"" x2=""20"" y1=""85"" y2=""85""
                  stroke=""rgb(64,64,64)"" stroke-width=""1.5""/>
            <line fill=""none"" x1=""20"" x2=""40"" y1=""85"" y2=""85""
                  stroke=""rgb(64,64,64)"" stroke-width=""1.5""/>
            <line fill=""none"" x1=""40"" x2=""40"" y1=""85"" y2=""85""
                  stroke=""rgb(64,64,64)"" stroke-width=""1.5""/>
            <line fill=""none"" x1=""0"" x2=""0"" y1=""43"" y2=""85""
                  stroke=""rgb(64,64,64)"" stroke-width=""1.5""/>
            <line fill=""none"" x1=""0"" x2=""20"" y1=""43"" y2=""43""
                  stroke=""rgb(64,64,64)"" stroke-width=""1.5""/>
            <line fill=""none"" x1=""20"" x2=""20"" y1=""43"" y2=""85""
                  stroke=""rgb(64,64,64)"" stroke-width=""1.5""/>
            <line fill=""none"" x1=""0"" x2=""0"" y1=""85"" y2=""90"" stroke=""black""
                  stroke-width=""1.5""/>
            <line fill=""none"" x1=""200"" x2=""200"" y1=""85"" y2=""90"" stroke=""black""
                  stroke-width=""1.5""/>
            <text fill=""black"" x=""1"" xml:space=""preserve"" stroke-width=""1.5""
                  y=""100"" stroke=""none"">0</text><text fill=""black"" x=""191""
                  xml:space=""preserve"" stroke-width=""1.5"" y=""100"" stroke=""none"">1</text>
        </g>
    </g>
</svg>"
"family_history_with_overweight (to number)",0,1,0.18237801989578414,0.386247264037381,0.1491869489763623,1.6462158619379623,0.7106990956897734,385.00000000000034,0,0,0,0,,2111,"
<svg stroke-dasharray=""none"" shape-rendering=""auto""
     xmlns=""http://www.w3.org/2000/svg"" font-family=""&apos;Dialog&apos;""
     width=""200"" text-rendering=""auto"" fill-opacity=""1""
     contentScriptType=""text/ecmascript"" color-interpolation=""auto""
     color-rendering=""auto"" preserveAspectRatio=""xMidYMid meet"" font-size=""12px""
     fill=""black"" xmlns:xlink=""http://www.w3.org/1999/xlink"" stroke=""black""
     image-rendering=""auto"" stroke-miterlimit=""10"" zoomAndPan=""magnify""
     version=""1.0"" stroke-linecap=""square"" stroke-linejoin=""miter""
     contentStyleType=""text/css"" font-style=""normal"" height=""100""
     stroke-width=""1"" stroke-dashoffset=""0"" font-weight=""normal""
     stroke-opacity=""1"">
    <!--Generated by the Batik Graphics2D SVG Generator-->
    <defs id=""genericDefs""/>
    <g>
        <g fill=""rgb(170,204,255)"" stroke=""rgb(170,204,255)"">
            <rect x=""180"" width=""20"" height=""16"" y=""69"" stroke=""none""/>
            <line y2=""85"" x1=""160"" x2=""180"" stroke=""none"" y1=""85""/>
            <line y2=""85"" x1=""140"" x2=""160"" stroke=""none"" y1=""85""/>
            <line y2=""85"" x1=""120"" x2=""140"" stroke=""none"" y1=""85""/>
            <line y2=""85"" x1=""100"" x2=""120"" stroke=""none"" y1=""85""/>
            <line y2=""85"" x1=""80"" x2=""100"" stroke=""none"" y1=""85""/>
            <line y2=""85"" x1=""60"" x2=""80"" stroke=""none"" y1=""85""/>
            <line y2=""85"" x1=""40"" x2=""60"" stroke=""none"" y1=""85""/>
            <line y2=""85"" x1=""20"" x2=""40"" stroke=""none"" y1=""85""/>
            <rect x=""0"" width=""20"" height=""70"" y=""15"" stroke=""none""/>
            <line y2=""85"" fill=""none"" x1=""0"" x2=""200"" stroke=""rgb(64,64,64)""
                  y1=""85""/>
            <line fill=""none"" x1=""180"" x2=""180"" y1=""69"" y2=""85""
                  stroke=""rgb(64,64,64)"" stroke-width=""1.5""/>
            <line fill=""none"" x1=""180"" x2=""200"" y1=""69"" y2=""69""
                  stroke=""rgb(64,64,64)"" stroke-width=""1.5""/>
            <line fill=""none"" x1=""200"" x2=""200"" y1=""69"" y2=""85""
                  stroke=""rgb(64,64,64)"" stroke-width=""1.5""/>
            <line fill=""none"" x1=""160"" x2=""160"" y1=""85"" y2=""85""
                  stroke=""rgb(64,64,64)"" stroke-width=""1.5""/>
            <line fill=""none"" x1=""160"" x2=""180"" y1=""85"" y2=""85""
                  stroke=""rgb(64,64,64)"" stroke-width=""1.5""/>
            <line fill=""none"" x1=""180"" x2=""180"" y1=""85"" y2=""85""
                  stroke=""rgb(64,64,64)"" stroke-width=""1.5""/>
            <line fill=""none"" x1=""140"" x2=""140"" y1=""85"" y2=""85""
                  stroke=""rgb(64,64,64)"" stroke-width=""1.5""/>
            <line fill=""none"" x1=""140"" x2=""160"" y1=""85"" y2=""85""
                  stroke=""rgb(64,64,64)"" stroke-width=""1.5""/>
            <line fill=""none"" x1=""160"" x2=""160"" y1=""85"" y2=""85""
                  stroke=""rgb(64,64,64)"" stroke-width=""1.5""/>
            <line fill=""none"" x1=""120"" x2=""120"" y1=""85"" y2=""85""
                  stroke=""rgb(64,64,64)"" stroke-width=""1.5""/>
            <line fill=""none"" x1=""120"" x2=""140"" y1=""85"" y2=""85""
                  stroke=""rgb(64,64,64)"" stroke-width=""1.5""/>
            <line fill=""none"" x1=""140"" x2=""140"" y1=""85"" y2=""85""
                  stroke=""rgb(64,64,64)"" stroke-width=""1.5""/>
            <line fill=""none"" x1=""100"" x2=""100"" y1=""85"" y2=""85""
                  stroke=""rgb(64,64,64)"" stroke-width=""1.5""/>
            <line fill=""none"" x1=""100"" x2=""120"" y1=""85"" y2=""85""
                  stroke=""rgb(64,64,64)"" stroke-width=""1.5""/>
            <line fill=""none"" x1=""120"" x2=""120"" y1=""85"" y2=""85""
                  stroke=""rgb(64,64,64)"" stroke-width=""1.5""/>
            <line fill=""none"" x1=""80"" x2=""80"" y1=""85"" y2=""85""
                  stroke=""rgb(64,64,64)"" stroke-width=""1.5""/>
            <line fill=""none"" x1=""80"" x2=""100"" y1=""85"" y2=""85""
                  stroke=""rgb(64,64,64)"" stroke-width=""1.5""/>
            <line fill=""none"" x1=""100"" x2=""100"" y1=""85"" y2=""85""
                  stroke=""rgb(64,64,64)"" stroke-width=""1.5""/>
            <line fill=""none"" x1=""60"" x2=""60"" y1=""85"" y2=""85""
                  stroke=""rgb(64,64,64)"" stroke-width=""1.5""/>
            <line fill=""none"" x1=""60"" x2=""80"" y1=""85"" y2=""85""
                  stroke=""rgb(64,64,64)"" stroke-width=""1.5""/>
            <line fill=""none"" x1=""80"" x2=""80"" y1=""85"" y2=""85""
                  stroke=""rgb(64,64,64)"" stroke-width=""1.5""/>
            <line fill=""none"" x1=""40"" x2=""40"" y1=""85"" y2=""85""
                  stroke=""rgb(64,64,64)"" stroke-width=""1.5""/>
            <line fill=""none"" x1=""40"" x2=""60"" y1=""85"" y2=""85""
                  stroke=""rgb(64,64,64)"" stroke-width=""1.5""/>
            <line fill=""none"" x1=""60"" x2=""60"" y1=""85"" y2=""85""
                  stroke=""rgb(64,64,64)"" stroke-width=""1.5""/>
            <line fill=""none"" x1=""20"" x2=""20"" y1=""85"" y2=""85""
                  stroke=""rgb(64,64,64)"" stroke-width=""1.5""/>
            <line fill=""none"" x1=""20"" x2=""40"" y1=""85"" y2=""85""
                  stroke=""rgb(64,64,64)"" stroke-width=""1.5""/>
            <line fill=""none"" x1=""40"" x2=""40"" y1=""85"" y2=""85""
                  stroke=""rgb(64,64,64)"" stroke-width=""1.5""/>
            <line fill=""none"" x1=""0"" x2=""0"" y1=""15"" y2=""85""
                  stroke=""rgb(64,64,64)"" stroke-width=""1.5""/>
            <line fill=""none"" x1=""0"" x2=""20"" y1=""15"" y2=""15""
                  stroke=""rgb(64,64,64)"" stroke-width=""1.5""/>
            <line fill=""none"" x1=""20"" x2=""20"" y1=""15"" y2=""85""
                  stroke=""rgb(64,64,64)"" stroke-width=""1.5""/>
            <line fill=""none"" x1=""0"" x2=""0"" y1=""85"" y2=""90"" stroke=""black""
                  stroke-width=""1.5""/>
            <line fill=""none"" x1=""200"" x2=""200"" y1=""85"" y2=""90"" stroke=""black""
                  stroke-width=""1.5""/>
            <text fill=""black"" x=""1"" xml:space=""preserve"" stroke-width=""1.5""
                  y=""100"" stroke=""none"">0</text><text fill=""black"" x=""191""
                  xml:space=""preserve"" stroke-width=""1.5"" y=""100"" stroke=""none"">1</text>
        </g>
    </g>
</svg>"
"FAVC (to number)",0,1,0.8839412600663209,0.3203712366137241,0.10263772924940678,-2.3991252276678723,3.759362650520093,1866.0000000000034,0,0,0,0,,2111,"
<svg stroke-dasharray=""none"" shape-rendering=""auto""
     xmlns=""http://www.w3.org/2000/svg"" font-family=""&apos;Dialog&apos;""
     width=""200"" text-rendering=""auto"" fill-opacity=""1""
     contentScriptType=""text/ecmascript"" color-interpolation=""auto""
     color-rendering=""auto"" preserveAspectRatio=""xMidYMid meet"" font-size=""12px""
     fill=""black"" xmlns:xlink=""http://www.w3.org/1999/xlink"" stroke=""black""
     image-rendering=""auto"" stroke-miterlimit=""10"" zoomAndPan=""magnify""
     version=""1.0"" stroke-linecap=""square"" stroke-linejoin=""miter""
     contentStyleType=""text/css"" font-style=""normal"" height=""100""
     stroke-width=""1"" stroke-dashoffset=""0"" font-weight=""normal""
     stroke-opacity=""1"">
    <!--Generated by the Batik Graphics2D SVG Generator-->
    <defs id=""genericDefs""/>
    <g>
        <g fill=""rgb(170,204,255)"" stroke=""rgb(170,204,255)"">
            <rect x=""180"" width=""20"" height=""76"" y=""9"" stroke=""none""/>
            <line y2=""85"" x1=""160"" x2=""180"" stroke=""none"" y1=""85""/>
            <line y2=""85"" x1=""140"" x2=""160"" stroke=""none"" y1=""85""/>
            <line y2=""85"" x1=""120"" x2=""140"" stroke=""none"" y1=""85""/>
            <line y2=""85"" x1=""100"" x2=""120"" stroke=""none"" y1=""85""/>
            <line y2=""85"" x1=""80"" x2=""100"" stroke=""none"" y1=""85""/>
            <line y2=""85"" x1=""60"" x2=""80"" stroke=""none"" y1=""85""/>
            <line y2=""85"" x1=""40"" x2=""60"" stroke=""none"" y1=""85""/>
            <line y2=""85"" x1=""20"" x2=""40"" stroke=""none"" y1=""85""/>
            <rect x=""0"" width=""20"" height=""10"" y=""75"" stroke=""none""/>
            <line y2=""85"" fill=""none"" x1=""0"" x2=""200"" stroke=""rgb(64,64,64)""
                  y1=""85""/>
            <line fill=""none"" x1=""180"" x2=""180"" y1=""9"" y2=""85""
                  stroke=""rgb(64,64,64)"" stroke-width=""1.5""/>
            <line fill=""none"" x1=""180"" x2=""200"" y1=""9"" y2=""9""
                  stroke=""rgb(64,64,64)"" stroke-width=""1.5""/>
            <line fill=""none"" x1=""200"" x2=""200"" y1=""9"" y2=""85""
                  stroke=""rgb(64,64,64)"" stroke-width=""1.5""/>
            <line fill=""none"" x1=""160"" x2=""160"" y1=""85"" y2=""85""
                  stroke=""rgb(64,64,64)"" stroke-width=""1.5""/>
            <line fill=""none"" x1=""160"" x2=""180"" y1=""85"" y2=""85""
                  stroke=""rgb(64,64,64)"" stroke-width=""1.5""/>
            <line fill=""none"" x1=""180"" x2=""180"" y1=""85"" y2=""85""
                  stroke=""rgb(64,64,64)"" stroke-width=""1.5""/>
            <line fill=""none"" x1=""140"" x2=""140"" y1=""85"" y2=""85""
                  stroke=""rgb(64,64,64)"" stroke-width=""1.5""/>
            <line fill=""none"" x1=""140"" x2=""160"" y1=""85"" y2=""85""
                  stroke=""rgb(64,64,64)"" stroke-width=""1.5""/>
            <line fill=""none"" x1=""160"" x2=""160"" y1=""85"" y2=""85""
                  stroke=""rgb(64,64,64)"" stroke-width=""1.5""/>
            <line fill=""none"" x1=""120"" x2=""120"" y1=""85"" y2=""85""
                  stroke=""rgb(64,64,64)"" stroke-width=""1.5""/>
            <line fill=""none"" x1=""120"" x2=""140"" y1=""85"" y2=""85""
                  stroke=""rgb(64,64,64)"" stroke-width=""1.5""/>
            <line fill=""none"" x1=""140"" x2=""140"" y1=""85"" y2=""85""
                  stroke=""rgb(64,64,64)"" stroke-width=""1.5""/>
            <line fill=""none"" x1=""100"" x2=""100"" y1=""85"" y2=""85""
                  stroke=""rgb(64,64,64)"" stroke-width=""1.5""/>
            <line fill=""none"" x1=""100"" x2=""120"" y1=""85"" y2=""85""
                  stroke=""rgb(64,64,64)"" stroke-width=""1.5""/>
            <line fill=""none"" x1=""120"" x2=""120"" y1=""85"" y2=""85""
                  stroke=""rgb(64,64,64)"" stroke-width=""1.5""/>
            <line fill=""none"" x1=""80"" x2=""80"" y1=""85"" y2=""85""
                  stroke=""rgb(64,64,64)"" stroke-width=""1.5""/>
            <line fill=""none"" x1=""80"" x2=""100"" y1=""85"" y2=""85""
                  stroke=""rgb(64,64,64)"" stroke-width=""1.5""/>
            <line fill=""none"" x1=""100"" x2=""100"" y1=""85"" y2=""85""
                  stroke=""rgb(64,64,64)"" stroke-width=""1.5""/>
            <line fill=""none"" x1=""60"" x2=""60"" y1=""85"" y2=""85""
                  stroke=""rgb(64,64,64)"" stroke-width=""1.5""/>
            <line fill=""none"" x1=""60"" x2=""80"" y1=""85"" y2=""85""
                  stroke=""rgb(64,64,64)"" stroke-width=""1.5""/>
            <line fill=""none"" x1=""80"" x2=""80"" y1=""85"" y2=""85""
                  stroke=""rgb(64,64,64)"" stroke-width=""1.5""/>
            <line fill=""none"" x1=""40"" x2=""40"" y1=""85"" y2=""85""
                  stroke=""rgb(64,64,64)"" stroke-width=""1.5""/>
            <line fill=""none"" x1=""40"" x2=""60"" y1=""85"" y2=""85""
                  stroke=""rgb(64,64,64)"" stroke-width=""1.5""/>
            <line fill=""none"" x1=""60"" x2=""60"" y1=""85"" y2=""85""
                  stroke=""rgb(64,64,64)"" stroke-width=""1.5""/>
            <line fill=""none"" x1=""20"" x2=""20"" y1=""85"" y2=""85""
                  stroke=""rgb(64,64,64)"" stroke-width=""1.5""/>
            <line fill=""none"" x1=""20"" x2=""40"" y1=""85"" y2=""85""
                  stroke=""rgb(64,64,64)"" stroke-width=""1.5""/>
            <line fill=""none"" x1=""40"" x2=""40"" y1=""85"" y2=""85""
                  stroke=""rgb(64,64,64)"" stroke-width=""1.5""/>
            <line fill=""none"" x1=""0"" x2=""0"" y1=""75"" y2=""85""
                  stroke=""rgb(64,64,64)"" stroke-width=""1.5""/>
            <line fill=""none"" x1=""0"" x2=""20"" y1=""75"" y2=""75""
                  stroke=""rgb(64,64,64)"" stroke-width=""1.5""/>
            <line fill=""none"" x1=""20"" x2=""20"" y1=""75"" y2=""85""
                  stroke=""rgb(64,64,64)"" stroke-width=""1.5""/>
            <line fill=""none"" x1=""0"" x2=""0"" y1=""85"" y2=""90"" stroke=""black""
                  stroke-width=""1.5""/>
            <line fill=""none"" x1=""200"" x2=""200"" y1=""85"" y2=""90"" stroke=""black""
                  stroke-width=""1.5""/>
            <text fill=""black"" x=""1"" xml:space=""preserve"" stroke-width=""1.5""
                  y=""100"" stroke=""none"">0</text><text fill=""black"" x=""191""
                  xml:space=""preserve"" stroke-width=""1.5"" y=""100"" stroke=""none"">1</text>
        </g>
    </g>
</svg>"
"CAEC (to number)",0,3,0.23732828043581228,0.6134737279865344,0.3763500149296965,2.978023436130861,8.975208486930374,500.9999999999997,0,0,0,0,,2111,"
<svg stroke-dasharray=""none"" shape-rendering=""auto""
     xmlns=""http://www.w3.org/2000/svg"" font-family=""&apos;Dialog&apos;""
     width=""200"" text-rendering=""auto"" fill-opacity=""1""
     contentScriptType=""text/ecmascript"" color-interpolation=""auto""
     color-rendering=""auto"" preserveAspectRatio=""xMidYMid meet"" font-size=""12px""
     fill=""black"" xmlns:xlink=""http://www.w3.org/1999/xlink"" stroke=""black""
     image-rendering=""auto"" stroke-miterlimit=""10"" zoomAndPan=""magnify""
     version=""1.0"" stroke-linecap=""square"" stroke-linejoin=""miter""
     contentStyleType=""text/css"" font-style=""normal"" height=""100""
     stroke-width=""1"" stroke-dashoffset=""0"" font-weight=""normal""
     stroke-opacity=""1"">
    <!--Generated by the Batik Graphics2D SVG Generator-->
    <defs id=""genericDefs""/>
    <g>
        <g fill=""rgb(170,204,255)"" stroke=""rgb(170,204,255)"">
            <rect x=""186"" width=""14"" height=""3"" y=""82"" stroke=""none""/>
            <line y2=""85"" x1=""173"" x2=""187"" stroke=""none"" y1=""85""/>
            <line y2=""85"" x1=""160"" x2=""174"" stroke=""none"" y1=""85""/>
            <line y2=""85"" x1=""146"" x2=""160"" stroke=""none"" y1=""85""/>
            <rect x=""133"" width=""14"" height=""3"" y=""82"" stroke=""none""/>
            <line y2=""85"" x1=""120"" x2=""134"" stroke=""none"" y1=""85""/>
            <line y2=""85"" x1=""106"" x2=""120"" stroke=""none"" y1=""85""/>
            <line y2=""85"" x1=""93"" x2=""107"" stroke=""none"" y1=""85""/>
            <line y2=""85"" x1=""80"" x2=""94"" stroke=""none"" y1=""85""/>
            <rect x=""66"" width=""14"" height=""10"" y=""75"" stroke=""none""/>
            <line y2=""85"" x1=""53"" x2=""67"" stroke=""none"" y1=""85""/>
            <line y2=""85"" x1=""40"" x2=""54"" stroke=""none"" y1=""85""/>
            <line y2=""85"" x1=""26"" x2=""40"" stroke=""none"" y1=""85""/>
            <line y2=""85"" x1=""13"" x2=""27"" stroke=""none"" y1=""85""/>
            <rect x=""0"" width=""14"" height=""72"" y=""13"" stroke=""none""/>
            <line y2=""85"" fill=""none"" x1=""0"" x2=""200"" stroke=""rgb(64,64,64)""
                  y1=""85""/>
            <line fill=""none"" x1=""186"" x2=""186"" y1=""82"" y2=""85""
                  stroke=""rgb(64,64,64)"" stroke-width=""1.5""/>
            <line fill=""none"" x1=""186"" x2=""200"" y1=""82"" y2=""82""
                  stroke=""rgb(64,64,64)"" stroke-width=""1.5""/>
            <line fill=""none"" x1=""200"" x2=""200"" y1=""82"" y2=""85""
                  stroke=""rgb(64,64,64)"" stroke-width=""1.5""/>
            <line fill=""none"" x1=""173"" x2=""173"" y1=""85"" y2=""85""
                  stroke=""rgb(64,64,64)"" stroke-width=""1.5""/>
            <line fill=""none"" x1=""173"" x2=""186"" y1=""85"" y2=""85""
                  stroke=""rgb(64,64,64)"" stroke-width=""1.5""/>
            <line fill=""none"" x1=""186"" x2=""186"" y1=""85"" y2=""85""
                  stroke=""rgb(64,64,64)"" stroke-width=""1.5""/>
            <line fill=""none"" x1=""160"" x2=""160"" y1=""85"" y2=""85""
                  stroke=""rgb(64,64,64)"" stroke-width=""1.5""/>
            <line fill=""none"" x1=""160"" x2=""173"" y1=""85"" y2=""85""
                  stroke=""rgb(64,64,64)"" stroke-width=""1.5""/>
            <line fill=""none"" x1=""173"" x2=""173"" y1=""85"" y2=""85""
                  stroke=""rgb(64,64,64)"" stroke-width=""1.5""/>
            <line fill=""none"" x1=""146"" x2=""146"" y1=""85"" y2=""85""
                  stroke=""rgb(64,64,64)"" stroke-width=""1.5""/>
            <line fill=""none"" x1=""146"" x2=""160"" y1=""85"" y2=""85""
                  stroke=""rgb(64,64,64)"" stroke-width=""1.5""/>
            <line fill=""none"" x1=""160"" x2=""160"" y1=""85"" y2=""85""
                  stroke=""rgb(64,64,64)"" stroke-width=""1.5""/>
            <line fill=""none"" x1=""133"" x2=""133"" y1=""82"" y2=""85""
                  stroke=""rgb(64,64,64)"" stroke-width=""1.5""/>
            <line fill=""none"" x1=""133"" x2=""146"" y1=""82"" y2=""82""
                  stroke=""rgb(64,64,64)"" stroke-width=""1.5""/>
            <line fill=""none"" x1=""146"" x2=""146"" y1=""82"" y2=""85""
                  stroke=""rgb(64,64,64)"" stroke-width=""1.5""/>
            <line fill=""none"" x1=""120"" x2=""120"" y1=""85"" y2=""85""
                  stroke=""rgb(64,64,64)"" stroke-width=""1.5""/>
            <line fill=""none"" x1=""120"" x2=""133"" y1=""85"" y2=""85""
                  stroke=""rgb(64,64,64)"" stroke-width=""1.5""/>
            <line fill=""none"" x1=""133"" x2=""133"" y1=""85"" y2=""85""
                  stroke=""rgb(64,64,64)"" stroke-width=""1.5""/>
            <line fill=""none"" x1=""106"" x2=""106"" y1=""85"" y2=""85""
                  stroke=""rgb(64,64,64)"" stroke-width=""1.5""/>
            <line fill=""none"" x1=""106"" x2=""120"" y1=""85"" y2=""85""
                  stroke=""rgb(64,64,64)"" stroke-width=""1.5""/>
            <line fill=""none"" x1=""120"" x2=""120"" y1=""85"" y2=""85""
                  stroke=""rgb(64,64,64)"" stroke-width=""1.5""/>
            <line fill=""none"" x1=""93"" x2=""93"" y1=""85"" y2=""85""
                  stroke=""rgb(64,64,64)"" stroke-width=""1.5""/>
            <line fill=""none"" x1=""93"" x2=""106"" y1=""85"" y2=""85""
                  stroke=""rgb(64,64,64)"" stroke-width=""1.5""/>
            <line fill=""none"" x1=""106"" x2=""106"" y1=""85"" y2=""85""
                  stroke=""rgb(64,64,64)"" stroke-width=""1.5""/>
            <line fill=""none"" x1=""80"" x2=""80"" y1=""85"" y2=""85""
                  stroke=""rgb(64,64,64)"" stroke-width=""1.5""/>
            <line fill=""none"" x1=""80"" x2=""93"" y1=""85"" y2=""85""
                  stroke=""rgb(64,64,64)"" stroke-width=""1.5""/>
            <line fill=""none"" x1=""93"" x2=""93"" y1=""85"" y2=""85""
                  stroke=""rgb(64,64,64)"" stroke-width=""1.5""/>
            <line fill=""none"" x1=""66"" x2=""66"" y1=""75"" y2=""85""
                  stroke=""rgb(64,64,64)"" stroke-width=""1.5""/>
            <line fill=""none"" x1=""66"" x2=""80"" y1=""75"" y2=""75""
                  stroke=""rgb(64,64,64)"" stroke-width=""1.5""/>
            <line fill=""none"" x1=""80"" x2=""80"" y1=""75"" y2=""85""
                  stroke=""rgb(64,64,64)"" stroke-width=""1.5""/>
            <line fill=""none"" x1=""53"" x2=""53"" y1=""85"" y2=""85""
                  stroke=""rgb(64,64,64)"" stroke-width=""1.5""/>
            <line fill=""none"" x1=""53"" x2=""66"" y1=""85"" y2=""85""
                  stroke=""rgb(64,64,64)"" stroke-width=""1.5""/>
            <line fill=""none"" x1=""66"" x2=""66"" y1=""85"" y2=""85""
                  stroke=""rgb(64,64,64)"" stroke-width=""1.5""/>
            <line fill=""none"" x1=""40"" x2=""40"" y1=""85"" y2=""85""
                  stroke=""rgb(64,64,64)"" stroke-width=""1.5""/>
            <line fill=""none"" x1=""40"" x2=""53"" y1=""85"" y2=""85""
                  stroke=""rgb(64,64,64)"" stroke-width=""1.5""/>
            <line fill=""none"" x1=""53"" x2=""53"" y1=""85"" y2=""85""
                  stroke=""rgb(64,64,64)"" stroke-width=""1.5""/>
            <line fill=""none"" x1=""26"" x2=""26"" y1=""85"" y2=""85""
                  stroke=""rgb(64,64,64)"" stroke-width=""1.5""/>
            <line fill=""none"" x1=""26"" x2=""40"" y1=""85"" y2=""85""
                  stroke=""rgb(64,64,64)"" stroke-width=""1.5""/>
            <line fill=""none"" x1=""40"" x2=""40"" y1=""85"" y2=""85""
                  stroke=""rgb(64,64,64)"" stroke-width=""1.5""/>
            <line fill=""none"" x1=""13"" x2=""13"" y1=""85"" y2=""85""
                  stroke=""rgb(64,64,64)"" stroke-width=""1.5""/>
            <line fill=""none"" x1=""13"" x2=""26"" y1=""85"" y2=""85""
                  stroke=""rgb(64,64,64)"" stroke-width=""1.5""/>
            <line fill=""none"" x1=""26"" x2=""26"" y1=""85"" y2=""85""
                  stroke=""rgb(64,64,64)"" stroke-width=""1.5""/>
            <line fill=""none"" x1=""0"" x2=""0"" y1=""13"" y2=""85""
                  stroke=""rgb(64,64,64)"" stroke-width=""1.5""/>
            <line fill=""none"" x1=""0"" x2=""13"" y1=""13"" y2=""13""
                  stroke=""rgb(64,64,64)"" stroke-width=""1.5""/>
            <line fill=""none"" x1=""13"" x2=""13"" y1=""13"" y2=""85""
                  stroke=""rgb(64,64,64)"" stroke-width=""1.5""/>
            <line fill=""none"" x1=""0"" x2=""0"" y1=""85"" y2=""90"" stroke=""black""
                  stroke-width=""1.5""/>
            <line fill=""none"" x1=""200"" x2=""200"" y1=""85"" y2=""90"" stroke=""black""
                  stroke-width=""1.5""/>
            <text fill=""black"" x=""1"" xml:space=""preserve"" stroke-width=""1.5""
                  y=""100"" stroke=""none"">0</text><text fill=""black"" x=""191""
                  xml:space=""preserve"" stroke-width=""1.5"" y=""100"" stroke=""none"">3</text>
        </g>
    </g>
</svg>"
"SMOKE (to number)",0,1,0.020843202273803957,0.14289309147889054,0.020418435592394583,6.712867433599598,43.10342527465002,44.000000000000156,0,0,0,0,,2111,"
<svg stroke-dasharray=""none"" shape-rendering=""auto""
     xmlns=""http://www.w3.org/2000/svg"" font-family=""&apos;Dialog&apos;""
     width=""200"" text-rendering=""auto"" fill-opacity=""1""
     contentScriptType=""text/ecmascript"" color-interpolation=""auto""
     color-rendering=""auto"" preserveAspectRatio=""xMidYMid meet"" font-size=""12px""
     fill=""black"" xmlns:xlink=""http://www.w3.org/1999/xlink"" stroke=""black""
     image-rendering=""auto"" stroke-miterlimit=""10"" zoomAndPan=""magnify""
     version=""1.0"" stroke-linecap=""square"" stroke-linejoin=""miter""
     contentStyleType=""text/css"" font-style=""normal"" height=""100""
     stroke-width=""1"" stroke-dashoffset=""0"" font-weight=""normal""
     stroke-opacity=""1"">
    <!--Generated by the Batik Graphics2D SVG Generator-->
    <defs id=""genericDefs""/>
    <g>
        <g fill=""rgb(170,204,255)"" stroke=""rgb(170,204,255)"">
            <rect x=""180"" width=""20"" height=""2"" y=""83"" stroke=""none""/>
            <line y2=""85"" x1=""160"" x2=""180"" stroke=""none"" y1=""85""/>
            <line y2=""85"" x1=""140"" x2=""160"" stroke=""none"" y1=""85""/>
            <line y2=""85"" x1=""120"" x2=""140"" stroke=""none"" y1=""85""/>
            <line y2=""85"" x1=""100"" x2=""120"" stroke=""none"" y1=""85""/>
            <line y2=""85"" x1=""80"" x2=""100"" stroke=""none"" y1=""85""/>
            <line y2=""85"" x1=""60"" x2=""80"" stroke=""none"" y1=""85""/>
            <line y2=""85"" x1=""40"" x2=""60"" stroke=""none"" y1=""85""/>
            <line y2=""85"" x1=""20"" x2=""40"" stroke=""none"" y1=""85""/>
            <rect x=""0"" width=""20"" height=""84"" y=""1"" stroke=""none""/>
            <line y2=""85"" fill=""none"" x1=""0"" x2=""200"" stroke=""rgb(64,64,64)""
                  y1=""85""/>
            <line fill=""none"" x1=""180"" x2=""180"" y1=""83"" y2=""85""
                  stroke=""rgb(64,64,64)"" stroke-width=""1.5""/>
            <line fill=""none"" x1=""180"" x2=""200"" y1=""83"" y2=""83""
                  stroke=""rgb(64,64,64)"" stroke-width=""1.5""/>
            <line fill=""none"" x1=""200"" x2=""200"" y1=""83"" y2=""85""
                  stroke=""rgb(64,64,64)"" stroke-width=""1.5""/>
            <line fill=""none"" x1=""160"" x2=""160"" y1=""85"" y2=""85""
                  stroke=""rgb(64,64,64)"" stroke-width=""1.5""/>
            <line fill=""none"" x1=""160"" x2=""180"" y1=""85"" y2=""85""
                  stroke=""rgb(64,64,64)"" stroke-width=""1.5""/>
            <line fill=""none"" x1=""180"" x2=""180"" y1=""85"" y2=""85""
                  stroke=""rgb(64,64,64)"" stroke-width=""1.5""/>
            <line fill=""none"" x1=""140"" x2=""140"" y1=""85"" y2=""85""
                  stroke=""rgb(64,64,64)"" stroke-width=""1.5""/>
            <line fill=""none"" x1=""140"" x2=""160"" y1=""85"" y2=""85""
                  stroke=""rgb(64,64,64)"" stroke-width=""1.5""/>
            <line fill=""none"" x1=""160"" x2=""160"" y1=""85"" y2=""85""
                  stroke=""rgb(64,64,64)"" stroke-width=""1.5""/>
            <line fill=""none"" x1=""120"" x2=""120"" y1=""85"" y2=""85""
                  stroke=""rgb(64,64,64)"" stroke-width=""1.5""/>
            <line fill=""none"" x1=""120"" x2=""140"" y1=""85"" y2=""85""
                  stroke=""rgb(64,64,64)"" stroke-width=""1.5""/>
            <line fill=""none"" x1=""140"" x2=""140"" y1=""85"" y2=""85""
                  stroke=""rgb(64,64,64)"" stroke-width=""1.5""/>
            <line fill=""none"" x1=""100"" x2=""100"" y1=""85"" y2=""85""
                  stroke=""rgb(64,64,64)"" stroke-width=""1.5""/>
            <line fill=""none"" x1=""100"" x2=""120"" y1=""85"" y2=""85""
                  stroke=""rgb(64,64,64)"" stroke-width=""1.5""/>
            <line fill=""none"" x1=""120"" x2=""120"" y1=""85"" y2=""85""
                  stroke=""rgb(64,64,64)"" stroke-width=""1.5""/>
            <line fill=""none"" x1=""80"" x2=""80"" y1=""85"" y2=""85""
                  stroke=""rgb(64,64,64)"" stroke-width=""1.5""/>
            <line fill=""none"" x1=""80"" x2=""100"" y1=""85"" y2=""85""
                  stroke=""rgb(64,64,64)"" stroke-width=""1.5""/>
            <line fill=""none"" x1=""100"" x2=""100"" y1=""85"" y2=""85""
                  stroke=""rgb(64,64,64)"" stroke-width=""1.5""/>
            <line fill=""none"" x1=""60"" x2=""60"" y1=""85"" y2=""85""
                  stroke=""rgb(64,64,64)"" stroke-width=""1.5""/>
            <line fill=""none"" x1=""60"" x2=""80"" y1=""85"" y2=""85""
                  stroke=""rgb(64,64,64)"" stroke-width=""1.5""/>
            <line fill=""none"" x1=""80"" x2=""80"" y1=""85"" y2=""85""
                  stroke=""rgb(64,64,64)"" stroke-width=""1.5""/>
            <line fill=""none"" x1=""40"" x2=""40"" y1=""85"" y2=""85""
                  stroke=""rgb(64,64,64)"" stroke-width=""1.5""/>
            <line fill=""none"" x1=""40"" x2=""60"" y1=""85"" y2=""85""
                  stroke=""rgb(64,64,64)"" stroke-width=""1.5""/>
            <line fill=""none"" x1=""60"" x2=""60"" y1=""85"" y2=""85""
                  stroke=""rgb(64,64,64)"" stroke-width=""1.5""/>
            <line fill=""none"" x1=""20"" x2=""20"" y1=""85"" y2=""85""
                  stroke=""rgb(64,64,64)"" stroke-width=""1.5""/>
            <line fill=""none"" x1=""20"" x2=""40"" y1=""85"" y2=""85""
                  stroke=""rgb(64,64,64)"" stroke-width=""1.5""/>
            <line fill=""none"" x1=""40"" x2=""40"" y1=""85"" y2=""85""
                  stroke=""rgb(64,64,64)"" stroke-width=""1.5""/>
            <line fill=""none"" x1=""0"" x2=""0"" y1=""1"" y2=""85""
                  stroke=""rgb(64,64,64)"" stroke-width=""1.5""/>
            <line fill=""none"" x1=""0"" x2=""20"" y1=""1"" y2=""1""
                  stroke=""rgb(64,64,64)"" stroke-width=""1.5""/>
            <line fill=""none"" x1=""20"" x2=""20"" y1=""1"" y2=""85""
                  stroke=""rgb(64,64,64)"" stroke-width=""1.5""/>
            <line fill=""none"" x1=""0"" x2=""0"" y1=""85"" y2=""90"" stroke=""black""
                  stroke-width=""1.5""/>
            <line fill=""none"" x1=""200"" x2=""200"" y1=""85"" y2=""90"" stroke=""black""
                  stroke-width=""1.5""/>
            <text fill=""black"" x=""1"" xml:space=""preserve"" stroke-width=""1.5""
                  y=""100"" stroke=""none"">0</text><text fill=""black"" x=""191""
                  xml:space=""preserve"" stroke-width=""1.5"" y=""100"" stroke=""none"">1</text>
        </g>
    </g>
</svg>"
"SCC (to number)",0,1,0.045476077688299435,0.20839524121282899,0.04342857656015318,4.366270096257351,17.08049603697535,96.00000000000011,0,0,0,0,,2111,"
<svg stroke-dasharray=""none"" shape-rendering=""auto""
     xmlns=""http://www.w3.org/2000/svg"" font-family=""&apos;Dialog&apos;""
     width=""200"" text-rendering=""auto"" fill-opacity=""1""
     contentScriptType=""text/ecmascript"" color-interpolation=""auto""
     color-rendering=""auto"" preserveAspectRatio=""xMidYMid meet"" font-size=""12px""
     fill=""black"" xmlns:xlink=""http://www.w3.org/1999/xlink"" stroke=""black""
     image-rendering=""auto"" stroke-miterlimit=""10"" zoomAndPan=""magnify""
     version=""1.0"" stroke-linecap=""square"" stroke-linejoin=""miter""
     contentStyleType=""text/css"" font-style=""normal"" height=""100""
     stroke-width=""1"" stroke-dashoffset=""0"" font-weight=""normal""
     stroke-opacity=""1"">
    <!--Generated by the Batik Graphics2D SVG Generator-->
    <defs id=""genericDefs""/>
    <g>
        <g fill=""rgb(170,204,255)"" stroke=""rgb(170,204,255)"">
            <rect x=""180"" width=""20"" height=""4"" y=""81"" stroke=""none""/>
            <line y2=""85"" x1=""160"" x2=""180"" stroke=""none"" y1=""85""/>
            <line y2=""85"" x1=""140"" x2=""160"" stroke=""none"" y1=""85""/>
            <line y2=""85"" x1=""120"" x2=""140"" stroke=""none"" y1=""85""/>
            <line y2=""85"" x1=""100"" x2=""120"" stroke=""none"" y1=""85""/>
            <line y2=""85"" x1=""80"" x2=""100"" stroke=""none"" y1=""85""/>
            <line y2=""85"" x1=""60"" x2=""80"" stroke=""none"" y1=""85""/>
            <line y2=""85"" x1=""40"" x2=""60"" stroke=""none"" y1=""85""/>
            <line y2=""85"" x1=""20"" x2=""40"" stroke=""none"" y1=""85""/>
            <rect x=""0"" width=""20"" height=""82"" y=""3"" stroke=""none""/>
            <line y2=""85"" fill=""none"" x1=""0"" x2=""200"" stroke=""rgb(64,64,64)""
                  y1=""85""/>
            <line fill=""none"" x1=""180"" x2=""180"" y1=""81"" y2=""85""
                  stroke=""rgb(64,64,64)"" stroke-width=""1.5""/>
            <line fill=""none"" x1=""180"" x2=""200"" y1=""81"" y2=""81""
                  stroke=""rgb(64,64,64)"" stroke-width=""1.5""/>
            <line fill=""none"" x1=""200"" x2=""200"" y1=""81"" y2=""85""
                  stroke=""rgb(64,64,64)"" stroke-width=""1.5""/>
            <line fill=""none"" x1=""160"" x2=""160"" y1=""85"" y2=""85""
                  stroke=""rgb(64,64,64)"" stroke-width=""1.5""/>
            <line fill=""none"" x1=""160"" x2=""180"" y1=""85"" y2=""85""
                  stroke=""rgb(64,64,64)"" stroke-width=""1.5""/>
            <line fill=""none"" x1=""180"" x2=""180"" y1=""85"" y2=""85""
                  stroke=""rgb(64,64,64)"" stroke-width=""1.5""/>
            <line fill=""none"" x1=""140"" x2=""140"" y1=""85"" y2=""85""
                  stroke=""rgb(64,64,64)"" stroke-width=""1.5""/>
            <line fill=""none"" x1=""140"" x2=""160"" y1=""85"" y2=""85""
                  stroke=""rgb(64,64,64)"" stroke-width=""1.5""/>
            <line fill=""none"" x1=""160"" x2=""160"" y1=""85"" y2=""85""
                  stroke=""rgb(64,64,64)"" stroke-width=""1.5""/>
            <line fill=""none"" x1=""120"" x2=""120"" y1=""85"" y2=""85""
                  stroke=""rgb(64,64,64)"" stroke-width=""1.5""/>
            <line fill=""none"" x1=""120"" x2=""140"" y1=""85"" y2=""85""
                  stroke=""rgb(64,64,64)"" stroke-width=""1.5""/>
            <line fill=""none"" x1=""140"" x2=""140"" y1=""85"" y2=""85""
                  stroke=""rgb(64,64,64)"" stroke-width=""1.5""/>
            <line fill=""none"" x1=""100"" x2=""100"" y1=""85"" y2=""85""
                  stroke=""rgb(64,64,64)"" stroke-width=""1.5""/>
            <line fill=""none"" x1=""100"" x2=""120"" y1=""85"" y2=""85""
                  stroke=""rgb(64,64,64)"" stroke-width=""1.5""/>
            <line fill=""none"" x1=""120"" x2=""120"" y1=""85"" y2=""85""
                  stroke=""rgb(64,64,64)"" stroke-width=""1.5""/>
            <line fill=""none"" x1=""80"" x2=""80"" y1=""85"" y2=""85""
                  stroke=""rgb(64,64,64)"" stroke-width=""1.5""/>
            <line fill=""none"" x1=""80"" x2=""100"" y1=""85"" y2=""85""
                  stroke=""rgb(64,64,64)"" stroke-width=""1.5""/>
            <line fill=""none"" x1=""100"" x2=""100"" y1=""85"" y2=""85""
                  stroke=""rgb(64,64,64)"" stroke-width=""1.5""/>
            <line fill=""none"" x1=""60"" x2=""60"" y1=""85"" y2=""85""
                  stroke=""rgb(64,64,64)"" stroke-width=""1.5""/>
            <line fill=""none"" x1=""60"" x2=""80"" y1=""85"" y2=""85""
                  stroke=""rgb(64,64,64)"" stroke-width=""1.5""/>
            <line fill=""none"" x1=""80"" x2=""80"" y1=""85"" y2=""85""
                  stroke=""rgb(64,64,64)"" stroke-width=""1.5""/>
            <line fill=""none"" x1=""40"" x2=""40"" y1=""85"" y2=""85""
                  stroke=""rgb(64,64,64)"" stroke-width=""1.5""/>
            <line fill=""none"" x1=""40"" x2=""60"" y1=""85"" y2=""85""
                  stroke=""rgb(64,64,64)"" stroke-width=""1.5""/>
            <line fill=""none"" x1=""60"" x2=""60"" y1=""85"" y2=""85""
                  stroke=""rgb(64,64,64)"" stroke-width=""1.5""/>
            <line fill=""none"" x1=""20"" x2=""20"" y1=""85"" y2=""85""
                  stroke=""rgb(64,64,64)"" stroke-width=""1.5""/>
            <line fill=""none"" x1=""20"" x2=""40"" y1=""85"" y2=""85""
                  stroke=""rgb(64,64,64)"" stroke-width=""1.5""/>
            <line fill=""none"" x1=""40"" x2=""40"" y1=""85"" y2=""85""
                  stroke=""rgb(64,64,64)"" stroke-width=""1.5""/>
            <line fill=""none"" x1=""0"" x2=""0"" y1=""3"" y2=""85""
                  stroke=""rgb(64,64,64)"" stroke-width=""1.5""/>
            <line fill=""none"" x1=""0"" x2=""20"" y1=""3"" y2=""3""
                  stroke=""rgb(64,64,64)"" stroke-width=""1.5""/>
            <line fill=""none"" x1=""20"" x2=""20"" y1=""3"" y2=""85""
                  stroke=""rgb(64,64,64)"" stroke-width=""1.5""/>
            <line fill=""none"" x1=""0"" x2=""0"" y1=""85"" y2=""90"" stroke=""black""
                  stroke-width=""1.5""/>
            <line fill=""none"" x1=""200"" x2=""200"" y1=""85"" y2=""90"" stroke=""black""
                  stroke-width=""1.5""/>
            <text fill=""black"" x=""1"" xml:space=""preserve"" stroke-width=""1.5""
                  y=""100"" stroke=""none"">0</text><text fill=""black"" x=""191""
                  xml:space=""preserve"" stroke-width=""1.5"" y=""100"" stroke=""none"">1</text>
        </g>
    </g>
</svg>"
"CALC (to number)",0,3,0.7314069161534806,0.5154980665488972,0.2657382566156512,-0.23648136076179943,-0.3259431242109469,1543.9999999999977,0,0,0,0,,2111,"
<svg stroke-dasharray=""none"" shape-rendering=""auto""
     xmlns=""http://www.w3.org/2000/svg"" font-family=""&apos;Dialog&apos;""
     width=""200"" text-rendering=""auto"" fill-opacity=""1""
     contentScriptType=""text/ecmascript"" color-interpolation=""auto""
     color-rendering=""auto"" preserveAspectRatio=""xMidYMid meet"" font-size=""12px""
     fill=""black"" xmlns:xlink=""http://www.w3.org/1999/xlink"" stroke=""black""
     image-rendering=""auto"" stroke-miterlimit=""10"" zoomAndPan=""magnify""
     version=""1.0"" stroke-linecap=""square"" stroke-linejoin=""miter""
     contentStyleType=""text/css"" font-style=""normal"" height=""100""
     stroke-width=""1"" stroke-dashoffset=""0"" font-weight=""normal""
     stroke-opacity=""1"">
    <!--Generated by the Batik Graphics2D SVG Generator-->
    <defs id=""genericDefs""/>
    <g>
        <g fill=""rgb(170,204,255)"" stroke=""rgb(170,204,255)"">
            <rect x=""186"" width=""14"" height=""1"" y=""84"" stroke=""none""/>
            <line y2=""85"" x1=""173"" x2=""187"" stroke=""none"" y1=""85""/>
            <line y2=""85"" x1=""160"" x2=""174"" stroke=""none"" y1=""85""/>
            <line y2=""85"" x1=""146"" x2=""160"" stroke=""none"" y1=""85""/>
            <rect x=""133"" width=""14"" height=""3"" y=""82"" stroke=""none""/>
            <line y2=""85"" x1=""120"" x2=""134"" stroke=""none"" y1=""85""/>
            <line y2=""85"" x1=""106"" x2=""120"" stroke=""none"" y1=""85""/>
            <line y2=""85"" x1=""93"" x2=""107"" stroke=""none"" y1=""85""/>
            <line y2=""85"" x1=""80"" x2=""94"" stroke=""none"" y1=""85""/>
            <rect x=""66"" width=""14"" height=""57"" y=""28"" stroke=""none""/>
            <line y2=""85"" x1=""53"" x2=""67"" stroke=""none"" y1=""85""/>
            <line y2=""85"" x1=""40"" x2=""54"" stroke=""none"" y1=""85""/>
            <line y2=""85"" x1=""26"" x2=""40"" stroke=""none"" y1=""85""/>
            <line y2=""85"" x1=""13"" x2=""27"" stroke=""none"" y1=""85""/>
            <rect x=""0"" width=""14"" height=""26"" y=""59"" stroke=""none""/>
            <line y2=""85"" fill=""none"" x1=""0"" x2=""200"" stroke=""rgb(64,64,64)""
                  y1=""85""/>
            <line fill=""none"" x1=""186"" x2=""186"" y1=""84"" y2=""85""
                  stroke=""rgb(64,64,64)"" stroke-width=""1.5""/>
            <line fill=""none"" x1=""186"" x2=""200"" y1=""84"" y2=""84""
                  stroke=""rgb(64,64,64)"" stroke-width=""1.5""/>
            <line fill=""none"" x1=""200"" x2=""200"" y1=""84"" y2=""85""
                  stroke=""rgb(64,64,64)"" stroke-width=""1.5""/>
            <line fill=""none"" x1=""173"" x2=""173"" y1=""85"" y2=""85""
                  stroke=""rgb(64,64,64)"" stroke-width=""1.5""/>
            <line fill=""none"" x1=""173"" x2=""186"" y1=""85"" y2=""85""
                  stroke=""rgb(64,64,64)"" stroke-width=""1.5""/>
            <line fill=""none"" x1=""186"" x2=""186"" y1=""85"" y2=""85""
                  stroke=""rgb(64,64,64)"" stroke-width=""1.5""/>
            <line fill=""none"" x1=""160"" x2=""160"" y1=""85"" y2=""85""
                  stroke=""rgb(64,64,64)"" stroke-width=""1.5""/>
            <line fill=""none"" x1=""160"" x2=""173"" y1=""85"" y2=""85""
                  stroke=""rgb(64,64,64)"" stroke-width=""1.5""/>
            <line fill=""none"" x1=""173"" x2=""173"" y1=""85"" y2=""85""
                  stroke=""rgb(64,64,64)"" stroke-width=""1.5""/>
            <line fill=""none"" x1=""146"" x2=""146"" y1=""85"" y2=""85""
                  stroke=""rgb(64,64,64)"" stroke-width=""1.5""/>
            <line fill=""none"" x1=""146"" x2=""160"" y1=""85"" y2=""85""
                  stroke=""rgb(64,64,64)"" stroke-width=""1.5""/>
            <line fill=""none"" x1=""160"" x2=""160"" y1=""85"" y2=""85""
                  stroke=""rgb(64,64,64)"" stroke-width=""1.5""/>
            <line fill=""none"" x1=""133"" x2=""133"" y1=""82"" y2=""85""
                  stroke=""rgb(64,64,64)"" stroke-width=""1.5""/>
            <line fill=""none"" x1=""133"" x2=""146"" y1=""82"" y2=""82""
                  stroke=""rgb(64,64,64)"" stroke-width=""1.5""/>
            <line fill=""none"" x1=""146"" x2=""146"" y1=""82"" y2=""85""
                  stroke=""rgb(64,64,64)"" stroke-width=""1.5""/>
            <line fill=""none"" x1=""120"" x2=""120"" y1=""85"" y2=""85""
                  stroke=""rgb(64,64,64)"" stroke-width=""1.5""/>
            <line fill=""none"" x1=""120"" x2=""133"" y1=""85"" y2=""85""
                  stroke=""rgb(64,64,64)"" stroke-width=""1.5""/>
            <line fill=""none"" x1=""133"" x2=""133"" y1=""85"" y2=""85""
                  stroke=""rgb(64,64,64)"" stroke-width=""1.5""/>
            <line fill=""none"" x1=""106"" x2=""106"" y1=""85"" y2=""85""
                  stroke=""rgb(64,64,64)"" stroke-width=""1.5""/>
            <line fill=""none"" x1=""106"" x2=""120"" y1=""85"" y2=""85""
                  stroke=""rgb(64,64,64)"" stroke-width=""1.5""/>
            <line fill=""none"" x1=""120"" x2=""120"" y1=""85"" y2=""85""
                  stroke=""rgb(64,64,64)"" stroke-width=""1.5""/>
            <line fill=""none"" x1=""93"" x2=""93"" y1=""85"" y2=""85""
                  stroke=""rgb(64,64,64)"" stroke-width=""1.5""/>
            <line fill=""none"" x1=""93"" x2=""106"" y1=""85"" y2=""85""
                  stroke=""rgb(64,64,64)"" stroke-width=""1.5""/>
            <line fill=""none"" x1=""106"" x2=""106"" y1=""85"" y2=""85""
                  stroke=""rgb(64,64,64)"" stroke-width=""1.5""/>
            <line fill=""none"" x1=""80"" x2=""80"" y1=""85"" y2=""85""
                  stroke=""rgb(64,64,64)"" stroke-width=""1.5""/>
            <line fill=""none"" x1=""80"" x2=""93"" y1=""85"" y2=""85""
                  stroke=""rgb(64,64,64)"" stroke-width=""1.5""/>
            <line fill=""none"" x1=""93"" x2=""93"" y1=""85"" y2=""85""
                  stroke=""rgb(64,64,64)"" stroke-width=""1.5""/>
            <line fill=""none"" x1=""66"" x2=""66"" y1=""28"" y2=""85""
                  stroke=""rgb(64,64,64)"" stroke-width=""1.5""/>
            <line fill=""none"" x1=""66"" x2=""80"" y1=""28"" y2=""28""
                  stroke=""rgb(64,64,64)"" stroke-width=""1.5""/>
            <line fill=""none"" x1=""80"" x2=""80"" y1=""28"" y2=""85""
                  stroke=""rgb(64,64,64)"" stroke-width=""1.5""/>
            <line fill=""none"" x1=""53"" x2=""53"" y1=""85"" y2=""85""
                  stroke=""rgb(64,64,64)"" stroke-width=""1.5""/>
            <line fill=""none"" x1=""53"" x2=""66"" y1=""85"" y2=""85""
                  stroke=""rgb(64,64,64)"" stroke-width=""1.5""/>
            <line fill=""none"" x1=""66"" x2=""66"" y1=""85"" y2=""85""
                  stroke=""rgb(64,64,64)"" stroke-width=""1.5""/>
            <line fill=""none"" x1=""40"" x2=""40"" y1=""85"" y2=""85""
                  stroke=""rgb(64,64,64)"" stroke-width=""1.5""/>
            <line fill=""none"" x1=""40"" x2=""53"" y1=""85"" y2=""85""
                  stroke=""rgb(64,64,64)"" stroke-width=""1.5""/>
            <line fill=""none"" x1=""53"" x2=""53"" y1=""85"" y2=""85""
                  stroke=""rgb(64,64,64)"" stroke-width=""1.5""/>
            <line fill=""none"" x1=""26"" x2=""26"" y1=""85"" y2=""85""
                  stroke=""rgb(64,64,64)"" stroke-width=""1.5""/>
            <line fill=""none"" x1=""26"" x2=""40"" y1=""85"" y2=""85""
                  stroke=""rgb(64,64,64)"" stroke-width=""1.5""/>
            <line fill=""none"" x1=""40"" x2=""40"" y1=""85"" y2=""85""
                  stroke=""rgb(64,64,64)"" stroke-width=""1.5""/>
            <line fill=""none"" x1=""13"" x2=""13"" y1=""85"" y2=""85""
                  stroke=""rgb(64,64,64)"" stroke-width=""1.5""/>
            <line fill=""none"" x1=""13"" x2=""26"" y1=""85"" y2=""85""
                  stroke=""rgb(64,64,64)"" stroke-width=""1.5""/>
            <line fill=""none"" x1=""26"" x2=""26"" y1=""85"" y2=""85""
                  stroke=""rgb(64,64,64)"" stroke-width=""1.5""/>
            <line fill=""none"" x1=""0"" x2=""0"" y1=""59"" y2=""85""
                  stroke=""rgb(64,64,64)"" stroke-width=""1.5""/>
            <line fill=""none"" x1=""0"" x2=""13"" y1=""59"" y2=""59""
                  stroke=""rgb(64,64,64)"" stroke-width=""1.5""/>
            <line fill=""none"" x1=""13"" x2=""13"" y1=""59"" y2=""85""
                  stroke=""rgb(64,64,64)"" stroke-width=""1.5""/>
            <line fill=""none"" x1=""0"" x2=""0"" y1=""85"" y2=""90"" stroke=""black""
                  stroke-width=""1.5""/>
            <line fill=""none"" x1=""200"" x2=""200"" y1=""85"" y2=""90"" stroke=""black""
                  stroke-width=""1.5""/>
            <text fill=""black"" x=""1"" xml:space=""preserve"" stroke-width=""1.5""
                  y=""100"" stroke=""none"">0</text><text fill=""black"" x=""191""
                  xml:space=""preserve"" stroke-width=""1.5"" y=""100"" stroke=""none"">3</text>
        </g>
    </g>
</svg>"
"MTRANS (to number)",0,4,0.48839412600663273,0.8684751729944036,0.7542491261076593,1.3609765031473946,0.3224220661953248,1031.0000000000016,0,0,0,0,,2111,"
<svg stroke-dasharray=""none"" shape-rendering=""auto""
     xmlns=""http://www.w3.org/2000/svg"" font-family=""&apos;Dialog&apos;""
     width=""200"" text-rendering=""auto"" fill-opacity=""1""
     contentScriptType=""text/ecmascript"" color-interpolation=""auto""
     color-rendering=""auto"" preserveAspectRatio=""xMidYMid meet"" font-size=""12px""
     fill=""black"" xmlns:xlink=""http://www.w3.org/1999/xlink"" stroke=""black""
     image-rendering=""auto"" stroke-miterlimit=""10"" zoomAndPan=""magnify""
     version=""1.0"" stroke-linecap=""square"" stroke-linejoin=""miter""
     contentStyleType=""text/css"" font-style=""normal"" height=""100""
     stroke-width=""1"" stroke-dashoffset=""0"" font-weight=""normal""
     stroke-opacity=""1"">
    <!--Generated by the Batik Graphics2D SVG Generator-->
    <defs id=""genericDefs""/>
    <g>
        <g fill=""rgb(170,204,255)"" stroke=""rgb(170,204,255)"">
            <rect x=""180"" width=""20"" height=""1"" y=""84"" stroke=""none""/>
            <line y2=""85"" x1=""160"" x2=""180"" stroke=""none"" y1=""85""/>
            <rect x=""140"" width=""20"" height=""1"" y=""84"" stroke=""none""/>
            <line y2=""85"" x1=""120"" x2=""140"" stroke=""none"" y1=""85""/>
            <rect x=""100"" width=""20"" height=""19"" y=""66"" stroke=""none""/>
            <line y2=""85"" x1=""80"" x2=""100"" stroke=""none"" y1=""85""/>
            <line y2=""85"" x1=""60"" x2=""80"" stroke=""none"" y1=""85""/>
            <rect x=""40"" width=""20"" height=""3"" y=""82"" stroke=""none""/>
            <line y2=""85"" x1=""20"" x2=""40"" stroke=""none"" y1=""85""/>
            <rect x=""0"" width=""20"" height=""64"" y=""21"" stroke=""none""/>
            <line y2=""85"" fill=""none"" x1=""0"" x2=""200"" stroke=""rgb(64,64,64)""
                  y1=""85""/>
            <line fill=""none"" x1=""180"" x2=""180"" y1=""84"" y2=""85""
                  stroke=""rgb(64,64,64)"" stroke-width=""1.5""/>
            <line fill=""none"" x1=""180"" x2=""200"" y1=""84"" y2=""84""
                  stroke=""rgb(64,64,64)"" stroke-width=""1.5""/>
            <line fill=""none"" x1=""200"" x2=""200"" y1=""84"" y2=""85""
                  stroke=""rgb(64,64,64)"" stroke-width=""1.5""/>
            <line fill=""none"" x1=""160"" x2=""160"" y1=""85"" y2=""85""
                  stroke=""rgb(64,64,64)"" stroke-width=""1.5""/>
            <line fill=""none"" x1=""160"" x2=""180"" y1=""85"" y2=""85""
                  stroke=""rgb(64,64,64)"" stroke-width=""1.5""/>
            <line fill=""none"" x1=""180"" x2=""180"" y1=""85"" y2=""85""
                  stroke=""rgb(64,64,64)"" stroke-width=""1.5""/>
            <line fill=""none"" x1=""140"" x2=""140"" y1=""84"" y2=""85""
                  stroke=""rgb(64,64,64)"" stroke-width=""1.5""/>
            <line fill=""none"" x1=""140"" x2=""160"" y1=""84"" y2=""84""
                  stroke=""rgb(64,64,64)"" stroke-width=""1.5""/>
            <line fill=""none"" x1=""160"" x2=""160"" y1=""84"" y2=""85""
                  stroke=""rgb(64,64,64)"" stroke-width=""1.5""/>
            <line fill=""none"" x1=""120"" x2=""120"" y1=""85"" y2=""85""
                  stroke=""rgb(64,64,64)"" stroke-width=""1.5""/>
            <line fill=""none"" x1=""120"" x2=""140"" y1=""85"" y2=""85""
                  stroke=""rgb(64,64,64)"" stroke-width=""1.5""/>
            <line fill=""none"" x1=""140"" x2=""140"" y1=""85"" y2=""85""
                  stroke=""rgb(64,64,64)"" stroke-width=""1.5""/>
            <line fill=""none"" x1=""100"" x2=""100"" y1=""66"" y2=""85""
                  stroke=""rgb(64,64,64)"" stroke-width=""1.5""/>
            <line fill=""none"" x1=""100"" x2=""120"" y1=""66"" y2=""66""
                  stroke=""rgb(64,64,64)"" stroke-width=""1.5""/>
            <line fill=""none"" x1=""120"" x2=""120"" y1=""66"" y2=""85""
                  stroke=""rgb(64,64,64)"" stroke-width=""1.5""/>
            <line fill=""none"" x1=""80"" x2=""80"" y1=""85"" y2=""85""
                  stroke=""rgb(64,64,64)"" stroke-width=""1.5""/>
            <line fill=""none"" x1=""80"" x2=""100"" y1=""85"" y2=""85""
                  stroke=""rgb(64,64,64)"" stroke-width=""1.5""/>
            <line fill=""none"" x1=""100"" x2=""100"" y1=""85"" y2=""85""
                  stroke=""rgb(64,64,64)"" stroke-width=""1.5""/>
            <line fill=""none"" x1=""60"" x2=""60"" y1=""85"" y2=""85""
                  stroke=""rgb(64,64,64)"" stroke-width=""1.5""/>
            <line fill=""none"" x1=""60"" x2=""80"" y1=""85"" y2=""85""
                  stroke=""rgb(64,64,64)"" stroke-width=""1.5""/>
            <line fill=""none"" x1=""80"" x2=""80"" y1=""85"" y2=""85""
                  stroke=""rgb(64,64,64)"" stroke-width=""1.5""/>
            <line fill=""none"" x1=""40"" x2=""40"" y1=""82"" y2=""85""
                  stroke=""rgb(64,64,64)"" stroke-width=""1.5""/>
            <line fill=""none"" x1=""40"" x2=""60"" y1=""82"" y2=""82""
                  stroke=""rgb(64,64,64)"" stroke-width=""1.5""/>
            <line fill=""none"" x1=""60"" x2=""60"" y1=""82"" y2=""85""
                  stroke=""rgb(64,64,64)"" stroke-width=""1.5""/>
            <line fill=""none"" x1=""20"" x2=""20"" y1=""85"" y2=""85""
                  stroke=""rgb(64,64,64)"" stroke-width=""1.5""/>
            <line fill=""none"" x1=""20"" x2=""40"" y1=""85"" y2=""85""
                  stroke=""rgb(64,64,64)"" stroke-width=""1.5""/>
            <line fill=""none"" x1=""40"" x2=""40"" y1=""85"" y2=""85""
                  stroke=""rgb(64,64,64)"" stroke-width=""1.5""/>
            <line fill=""none"" x1=""0"" x2=""0"" y1=""21"" y2=""85""
                  stroke=""rgb(64,64,64)"" stroke-width=""1.5""/>
            <line fill=""none"" x1=""0"" x2=""20"" y1=""21"" y2=""21""
                  stroke=""rgb(64,64,64)"" stroke-width=""1.5""/>
            <line fill=""none"" x1=""20"" x2=""20"" y1=""21"" y2=""85""
                  stroke=""rgb(64,64,64)"" stroke-width=""1.5""/>
            <line fill=""none"" x1=""0"" x2=""0"" y1=""85"" y2=""90"" stroke=""black""
                  stroke-width=""1.5""/>
            <line fill=""none"" x1=""200"" x2=""200"" y1=""85"" y2=""90"" stroke=""black""
                  stroke-width=""1.5""/>
            <text fill=""black"" x=""1"" xml:space=""preserve"" stroke-width=""1.5""
                  y=""100"" stroke=""none"">0</text><text fill=""black"" x=""191""
                  xml:space=""preserve"" stroke-width=""1.5"" y=""100"" stroke=""none"">4</text>
        </g>
    </g>
</svg>"
